400,2.9,7.8,7.4,0.6,2.8,0.4,3,0.7,2.3,0.6,0.7,6.7,1,0.8,0.9,1.2,1.7,1,0.5,38,0.48,3.59,-0.35,2
693,3.3,7.5,7.3,0.5,2.9,0.4,2.6,0.6,2.5,0.6,0.6,6.3,0.8,0.6,1,0.9,1.6,1.2,0.4,35,0.49,3.51,-0.38,2
1522,-13.1,10.5,10.3,1.9,0,2.2,6.1,2.1,-1.3,1.8,2.2,7.4,2.1,2.7,2.3,2.4,4.1,3.9,1.8,52,1.2,-1.2,-0.05,4
2454,4.8,6.5,6.8,0.4,3.4,0.2,1.9,0.3,3.3,0.5,0.5,6.7,0.4,0.7,1,0.7,1.5,1,0.4,36,0.43,3.24,-0.37,2
2952,-9.6,10.3,9.7,1.5,0.2,1.4,6.4,2,-1.3,1.5,1.8,6.5,2,2.2,2,2.2,3.6,3,1.4,50,1.04,0.62,-0.29,3
3268,3,8,7.6,0.6,2.8,0.4,2.9,0.7,2.5,0.6,0.8,6.9,1,0.9,1.1,1,1.9,1.3,0.5,37,0.52,3.53,-0.25,2
3817,-7.5,10.1,9.3,1.2,0.1,0.8,5.8,1.6,-0.5,1.3,1.7,6.2,1.6,1.8,1.6,1.2,3.2,2.4,1.2,48,0.89,0.21,-0.3,3
4128,-9.4,9.4,9.1,1.5,0.1,1.3,5.2,1.7,-0.7,1.5,1.8,6.7,2,2.4,2,1.8,3.9,3.3,1.5,50,1.02,-0.3,-0.01,3
4188,-9.7,10.2,9.7,1.5,0.2,1.3,6.2,1.9,-1.1,1.5,1.8,6.5,1.8,2.1,1.9,1.9,3.6,3.1,1.4,50,1.01,0.72,-0.29,3
4307,0.8,8.7,8,0.8,1.8,0.6,4.5,1.2,0.9,0.9,1,5.6,1.2,1,1.2,1.5,2.2,1.6,0.6,42,0.61,3.63,-0.28,2
4614,1.3,8.4,7.8,0.9,2.2,0.7,4.3,1.2,1.2,0.9,0.8,5.8,1.1,0.8,1.1,1.7,2,1.5,0.6,40,0.58,4.58,-0.31,2
4813,2.2,8.1,7.7,0.7,2.8,0.5,3.1,0.8,2.3,0.7,0.8,6.6,0.9,0.9,1,1.2,2,1.3,0.6,37,0.5,4.24,-0.15,2
5015,1.5,8.7,8.1,0.8,2.5,0.6,3.3,0.9,2.1,0.8,1,7.1,1.1,1.2,1.2,1.3,2.5,1.6,0.7,38,0.53,3.48,0,2
5234,-13.1,10.6,10.3,1.9,0.1,2.3,6.1,2.1,-1.4,1.8,2.2,6.5,2,2.4,2.4,2.4,3.9,3.6,1.8,52,1.21,-0.65,-0.15,4
5395,-6.1,10.1,9.4,1.2,0.1,1,6.5,1.8,-1.1,1.2,1.7,5.6,1.6,1.6,1.6,1.7,3,2.4,1.1,48,0.96,0.63,-0.52,3
6186,-7.5,10.2,9.5,1.3,0.1,1,6.1,1.8,-0.9,1.3,1.7,6,1.7,1.8,1.6,1.6,3.1,2.5,1.1,50,0.96,0.45,-0.51,3
6482,-9.8,10,9.6,1.6,0.4,1.6,6.2,2,-1.2,1.5,1.7,6.2,1.8,2.1,2,2.5,3.8,3.2,1.4,50,1.01,1.24,-0.21,3
6497,-11.7,10.3,10.2,2,0.8,2.7,6.1,2.2,-1.7,1.8,1.9,6.7,2,2.7,2.8,3.4,4.2,4,1.8,52,1.18,1.49,-0.08,4
6734,-5.6,9.7,9.1,1.3,0.9,1.3,5.9,1.8,-1.1,1.2,1.3,5,1.5,1.5,1.6,3.4,2.7,2,0.8,50,0.85,3.13,-0.65,3
6805,-11.9,10.5,10.2,1.9,0.4,2.3,6.1,2.2,-1.5,1.8,1.9,7.2,2.1,2.5,2.3,2.8,4.3,4,1.8,52,1.16,0.66,0.11,4
6920,1.2,8.4,7.7,0.7,1.9,0.5,4,1,1.5,0.8,1.2,6.3,1,1,1.2,1,2.2,1.6,0.7,38,0.55,2.09,-0.21,2
7439,4.3,7,7.1,0.5,3.4,0.3,1.9,0.4,3.2,0.5,0.6,6.9,0.6,0.6,0.9,0.7,1.7,1.1,0.4,35,0.46,3.19,-0.32,2
7476,4.6,6.8,7,0.4,3.4,0.3,1.6,0.3,3.4,0.5,0.8,7.1,0.6,0.6,1,0.5,1.8,1.2,0.4,35,0.42,2.49,-0.24,2
8207,-11.1,10.3,9.9,1.7,0.2,1.8,6.1,2,-1.2,1.6,2,7,2.1,2.5,2.3,2.5,4,3.6,1.7,50,1.08,0.99,-0.07,4
8491,-11,10.3,9.8,1.6,0.3,1.6,6.3,2,-1.2,1.6,1.9,7.1,2,2.4,2.1,2.3,3.9,3.3,1.5,50,1.04,0.88,-0.07,4
8512,-9,10.4,9.8,1.5,0.4,1.5,6.5,2,-1.4,1.5,1.9,6.7,2,2.3,1.9,2.5,3.6,3.1,1.4,50,1.06,0.87,-0.32,3
8705,-11.6,10.7,10.3,1.9,1.1,2.7,6.1,2.1,-1.5,1.7,2.1,6.6,1.8,2.2,2.7,3,3.8,3.6,1.7,52,1.28,0.12,-0.24,4
9057,-9.3,10.2,9.6,1.4,0.1,1.2,6.3,1.9,-1.1,1.4,1.8,6.7,1.9,2.3,1.9,2,3.7,3.1,1.4,50,1,0.53,-0.18,3
9270,-7.5,9.7,9.4,1.2,-0.2,0.9,5.8,1.6,-0.4,1.3,1.9,6.7,1.8,2.1,1.9,1.1,3.4,2.8,1.4,48,0.98,-1.17,-0.25,3
9408,-7.8,10.3,9.7,1.3,0.2,1,6.6,1.9,-1.2,1.3,1.7,6.3,1.8,1.8,1.9,1.9,3.1,2.5,1.2,50,1,0.73,-0.38,3
9562,-0.4,8.9,8.4,0.9,2,0.6,4.8,1.4,0.9,1,1.3,7.2,1.5,1.6,1.5,1.8,2.8,2.1,0.9,42,0.6,3.44,0.09,2
9826,2.2,8.5,8,0.7,2.9,0.6,3.5,0.9,2.2,0.8,1.1,7.6,1.2,1.2,1.3,1.3,2.4,1.6,0.7,38,0.54,3.44,0.09,2
9927,-12.8,10.7,10.4,2,0.4,2.9,6.2,2.2,-1.7,1.9,2.3,7.3,2.2,2.8,2.8,3,4.3,4.2,2,53,1.28,-0.06,0.1,4
10307,-0.3,8.7,8.2,1,2.3,0.7,4.7,1.4,1,1,1.2,7,1.5,1.4,1.3,2,2.7,1.8,0.8,42,0.67,4.39,-0.02,2
10476,-7.7,9.1,8.8,1.9,1.2,2,6,2.2,-1.4,1.7,1.6,6.9,2.3,2,2,4.6,4.1,3.1,1.2,51,0.84,5.83,-0.2,4
10761,-9,10.3,9.6,1.2,-0.1,1,6,1.7,-0.7,1.3,1.8,6.7,1.9,2,1.7,1.5,3.4,2.8,1.3,50,0.96,-0.23,-0.34,3
10780,-6.6,9,8.6,1.8,1.3,1.7,5.8,2,-0.8,1.5,1.5,7.3,2.2,2.1,1.8,4,3.9,2.8,1.2,50,0.81,5.64,0.36,3
10975,-8.4,10.2,9.5,1.3,0.1,1.2,6.1,1.8,-0.9,1.4,1.8,6.3,1.8,2,1.7,1.7,3.3,2.6,1.3,50,0.97,1.06,-0.4,3
11749,-7.4,10.4,9.8,1.5,0.3,1.5,6.5,1.9,-1.3,1.5,1.9,6.5,1.9,2.1,2,2.2,3.5,2.9,1.3,48,1.06,0.71,-0.37,3
12339,-9.3,10.2,9.3,1.3,-0.3,0.9,5.8,1.7,-0.5,1.3,1.9,6.4,1.8,2,1.8,1.3,3.4,2.6,1.3,48,0.95,-0.36,-0.33,3
12929,-10.8,10.6,10,1.7,0.5,2,6.3,2.1,-1.5,1.7,2,6.3,2,2,2.2,2.6,3.6,3.2,1.5,52,1.15,0.47,-0.19,4
13555,4.4,7.1,7.2,0.5,3.4,0.3,1.9,0.4,3.2,0.6,0.8,7.3,0.7,0.7,1,0.5,1.7,1.2,0.5,35,0.5,2.81,-0.32,2
14214,0.7,8.7,8.2,0.8,2.5,0.6,4.2,1.1,1.7,0.9,1.2,7.4,1.4,1.3,1.3,1.5,2.6,1.8,0.7,40,0.6,3.59,0.06,2
14770,-9.6,10.3,9.6,1.3,-0.2,1,6,1.7,-0.6,1.3,1.9,6.5,1.9,2.1,1.8,1.4,3.5,2.8,1.3,48,0.98,-0.11,-0.3,3
14938,3.4,7,6.9,0.6,2.9,0.4,2.5,0.6,2.4,0.6,0.6,6.3,0.9,0.7,1,1,1.8,1.3,0.5,35,0.49,3.57,-0.37,2
15335,1.3,8.5,7.9,0.8,2.1,0.5,4.4,1.1,1.3,0.8,1,6.1,1.1,1,1.1,1.3,2.1,1.6,0.6,40,0.58,3.45,-0.22,2
15596,-5.3,10.3,9.4,1.2,0.8,1.3,5.9,1.7,-1,1.1,1.4,4.6,1.4,1.3,1.6,2.6,2.5,1.9,0.8,45,0.9,1.32,-0.64,3
15798,3.9,6.7,7.2,0.5,3.5,0.3,1.8,0.4,3.3,0.4,0.7,7.1,0.7,0.7,1,0.5,1.8,1.3,0.5,35,0.45,2.69,-0.25,2
15920,-7.6,9.9,9.2,1.2,0.2,1,5.7,1.6,-0.5,1.3,1.6,6.2,1.7,1.8,1.8,1.5,3.2,2.5,1.2,48,0.88,0.68,-0.35,3
16673,2.5,8.1,7.5,0.6,2.8,0.6,3.1,0.9,2.4,0.8,0.8,6.9,1,1,1.1,1.3,2.1,1.5,0.6,36,0.52,4.11,0.02,2
16895,2.8,8.1,7.7,0.7,3.1,0.4,2.8,0.7,2.7,0.7,0.8,7.5,1.1,1,1.1,1.2,2.1,1.5,0.6,37,0.48,3.87,-0.02,2
17361,-10.6,10.4,10,1.8,0.4,1.9,6.3,2.1,-1.5,1.7,2,7.1,2.1,2.6,2.3,2.7,4,3.5,1.6,51,1.11,0.79,-0.13,4
17925,-7.5,7.9,7.9,1.9,1.1,2.3,5.5,2.1,-1.2,1.7,1.7,7.6,2.6,2.3,2.3,4.2,4.6,3.5,1.5,51,0.91,5.92,-0.1,4
18322,-9.9,10.4,10,1.7,0.5,1.9,6.2,2,-1.3,1.7,1.9,6.3,1.9,2.1,2.2,2.6,3.8,3.3,1.5,51,1.11,0.83,-0.25,4
18449,-11.9,10.6,10.4,1.8,0.4,2.5,6.2,2.1,-1.5,1.8,2.2,6.6,2,2.4,2.5,2.6,3.8,3.6,1.7,52,1.23,-0.23,-0.14,4
18768,2,8.1,7.5,0.7,1.8,0.5,4.3,1,1.1,0.7,0.8,5.2,0.9,0.8,1,1.2,1.7,1.1,0.4,38,0.52,3.48,-0.62,2
19445,3.4,4.1,4.9,0.2,2.9,0.2,1,0.2,2.4,0.2,0.1,3.3,0.1,0.1,0.1,0.7,0.5,0.4,0,24,0.45,5.12,-2.12,0
19476,-9.7,10.1,9.5,1.5,0.5,1.4,6.2,1.9,-1.1,1.5,1.7,6.7,2,2.4,1.9,2.4,3.8,3.2,1.5,50,0.98,1.12,-0.03,3
19656,-11.8,10.5,10.1,1.7,-0.2,1.7,6.3,2,-1.2,1.6,2.1,6.5,2,2.3,2.1,2,3.9,3.3,1.5,51,1.11,-0.23,-0.15,4
19787,-10.5,10.3,9.8,1.6,0.3,1.5,6.2,2,-1.1,1.5,1.8,6.9,1.9,2.5,2,2.2,3.9,3.3,1.6,52,1.03,0.79,-0.18,4
19994,1.6,8.5,8.1,0.8,2.6,0.6,3.9,1,2,0.8,1.1,7.6,1.3,1.5,1.3,1.4,2.5,1.8,0.8,38,0.57,3.31,0.09,2
22484,1.6,8.5,7.9,0.8,2.3,0.5,4.2,1.1,1.6,0.8,1.1,6.6,1.2,1.1,1.1,1.4,2.2,1.6,0.7,39,0.58,3.59,-0.11,2
22879,0.4,7.8,7.1,0.6,2.1,0.6,3.4,0.9,1.1,0.1,0.7,4.5,0.6,0.6,0.7,1.7,1.4,0.9,0.3,39,0.54,4.76,-0.84,2
23249,-8.2,9.3,9,1.7,1,1.6,6.5,2.2,-1.4,1.6,1.6,6.8,2.1,2.1,2.1,3.9,4.1,3.1,1.3,50,0.92,3.73,-0.08,3
23754,4.6,7.3,7.5,0.5,3.8,0.3,1.7,0.4,3.6,0.6,0.8,8.2,0.8,0.9,1.1,0.6,2,1.3,0.5,33,0.45,2.93,0.09,2
25329,-7.2,9.9,8.8,1.4,1.4,2.2,5.6,1.7,-1.7,1.2,0.7,2.6,0.8,0.7,1.1,4.2,2.1,1.5,0.3,51,0.86,7.18,-1.73,4
25604,-10.9,10.4,9.9,1.6,0.1,1.6,6.3,2,-1.2,1.6,1.9,7.1,2,2.5,2.1,2.2,3.9,3.3,1.6,50,1.07,0.64,-0.05,4
25621,2.8,8,7.7,0.6,2.9,0.4,2.8,0.7,2.7,0.7,1,7.5,1,1.1,1.2,0.8,2.2,1.5,0.6,36,0.5,2.66,0.04,2
25975,-8.2,9.6,9.2,1.7,0.8,1.5,6.3,2.1,-1.3,1.5,1.6,6.9,2,2.2,2,3.1,3.9,3.1,1.4,51,0.95,2.87,-0.09,3
27022,-5.7,9.3,8.5,1,0.5,0.7,5,1.4,0.1,1.1,1.6,6.1,1.6,1.8,1.6,1.2,3,2.2,1.1,45,0.81,0.23,-0.09,3
27295,10.4,-0.2,8.3,0,8.5,-0.1,-0.4,-0.3,7.5,0,0,11.2,0,0.2,0.1,0.2,-0.2,0.1,0.1,19,-0.1,0.8,-0.57,1
27348,-8.5,9.6,9.1,1.4,0.2,1.1,5.8,1.8,-0.7,1.4,1.6,6.9,1.9,2.2,1.9,1.9,3.6,2.9,1.3,48,0.94,0.72,-0.11,3
27371,-9,9.6,9.2,1.4,0.2,1.1,5.9,1.9,-0.9,1.4,1.7,7.2,2,2.3,1.9,1.9,3.7,3.1,1.5,48,0.99,0.28,-0.05,3
27697,-9.8,10.1,9.6,1.4,0.2,1.1,6.1,1.9,-0.9,1.5,1.8,7,2,2.4,1.9,1.9,3.7,3.1,1.5,48,0.98,0.4,-0.04,3
27971,-9.5,10,9.6,1.5,0.3,1.3,6.1,1.9,-1,1.5,1.7,7,2,2.4,1.9,2.1,3.8,3.1,1.5,51,0.97,0.92,-0.06,3
28292,-10.8,10.4,10,1.8,0.6,2.1,6.4,2.1,-1.6,1.7,1.9,6.7,2,2.3,2.3,3,3.9,3.5,1.6,52,1.13,1.09,-0.08,4
28305,-10.9,10.2,9.7,1.5,0,1.3,6.1,1.9,-1,1.5,1.9,7.3,2.1,2.6,2,1.9,3.9,3.2,1.6,50,1.04,0.12,0.02,4
28307,-7.5,9.3,8.9,1.4,0.5,1.1,5.5,1.8,-0.6,1.4,1.7,7,1.9,2.4,1.9,2,3.8,3.1,1.4,47,0.99,0.38,-0.04,3
29139,-11,9.9,9.9,2.1,1.7,5.2,4.1,2,-1.3,2,2.9,6.4,1.4,3.1,3.2,3.6,3.8,4.9,2,55,1.54,-0.65,-0.1,6
29613,-9.6,10.3,9.7,1.6,0.5,1.7,6.4,2,-1.4,1.5,1.7,6.3,1.9,1.9,2,2.8,3.6,3,1.3,50,1.05,1.54,-0.28,3
29645,1,8.7,8.2,0.8,2.5,0.6,4.3,1.2,1.6,0.9,1.1,7.3,1.3,1.4,1.4,1.6,2.4,1.8,0.8,40,0.57,3.52,0.06,2
30562,-0.8,9,8.4,1,2.2,0.8,4.5,1.3,1.2,1,1.2,7.5,1.5,1.8,1.4,1.9,2.9,2,1,38,0.63,3.65,0.14,4
30649,1.1,8.5,7.8,0.8,2,0.7,4.4,1.1,0.9,0.8,0.9,5.5,1.1,1,1,2.1,1.9,1.4,0.4,41,0.58,4.59,-0.51,2
30652,3.6,7.5,7.4,0.6,3.5,0.4,2.2,0.5,3.2,0.6,0.9,7.8,0.8,0.9,1,0.9,2,1.4,0.7,36,0.45,3.67,0.14,2
30743,4.3,6.8,6.9,0.5,3.3,0.3,1.9,0.4,3,0.5,0.5,6.5,0.6,0.6,0.7,0.6,1.5,1,0.4,33,0.44,3.52,-0.33,2
30814,-10.2,10.2,9.7,1.5,0.2,1.3,6.2,1.9,-1,1.5,1.7,6.8,2,2.4,2,1.9,3.8,3.1,1.4,50,0.98,0.67,-0.21,4
31295,13.3,-0.7,9.3,0.1,9.6,0,-0.7,-0.1,8.1,0.1,-0.1,15,-0.3,0.2,0,0.4,0.2,0.2,0,20,0.09,1.81,-0.5,1
31421,-11,10.6,10.1,1.7,0.5,2.1,6.3,2.1,-1.4,1.6,2,6.4,1.9,2.1,2.2,2.5,3.7,3.2,1.5,52,1.15,0.49,-0.23,4
32147,-11.3,8.6,8.6,2.3,1.8,4.3,5.3,2.4,-2.1,2,2.1,7.9,2.7,2.6,3.5,6.2,5.7,4.8,1.9,53,1.06,6.49,0.02,4
33256,4.4,7,7.1,0.5,3.3,0.3,1.9,0.4,3.1,0.5,0.7,6.8,0.6,0.6,0.9,0.7,1.6,1.1,0.4,32,0.46,3.11,-0.3,2
33608,3.6,7.6,7.6,0.6,3.6,0.4,2.2,0.6,3.3,0.7,0.9,8.7,1.1,1.2,1.2,0.9,2.3,1.6,0.7,35,0.46,2.98,0.26,2
34411,-0.1,8.8,8.2,1,2.1,0.8,4.6,1.3,1.1,1,1.2,7.2,1.6,1.5,1.4,2,2.8,1.9,0.8,40,0.64,4.19,-0.03,2
35296,1.6,7.8,7.3,0.7,2.7,0.6,3,0.8,2.2,0.8,1,7.3,1.2,1.1,1.3,1.4,2.4,1.6,0.7,38,0.52,4.17,0,2
35369,-7.4,10.1,9.4,1.3,0.1,1.1,6.1,1.8,-0.9,1.3,1.7,6,1.7,1.8,1.7,1.6,3.1,2.5,1.2,48,0.96,0.5,-0.54,3
35410,-7.2,10,9.3,1.4,0.4,1.2,6.2,1.9,-1,1.4,1.6,5.7,1.7,1.8,1.7,2.1,3.2,2.5,1.1,50,0.96,1.47,-0.3,3
36079,-5.3,10,9,0.9,0.1,0.6,4.8,1.2,0.3,1,1.6,5.8,1.4,1.4,1.6,0.7,2.7,2,1,45,0.82,-0.6,-0.45,3
37160,-5.9,10.1,9.4,1.2,0.6,1.2,6.3,1.8,-1.2,1.2,1.5,5.2,1.5,1.5,1.7,2.5,2.8,2.2,1,48,0.95,1.33,-0.56,3
37394,-7.5,8.3,8.2,1.9,1.2,2,5.8,2.1,-1.1,1.6,1.7,7.5,2.5,2.3,2.1,4.1,4.4,3.2,1.4,51,0.84,5.79,-0.2,4
37984,-8.8,10.4,9.8,1.5,0.6,1.8,6.3,2,-1.3,1.5,1.9,6.2,1.9,1.9,2.2,2.2,3.3,2.8,1.2,51,1.17,0.08,-0.33,4
38656,-8,10.2,9.4,1.3,0.1,1.1,6,1.8,-0.8,1.3,1.7,6.2,1.8,1.9,1.6,1.6,3.3,2.5,1.3,48,0.94,0.45,-0.32,3
38899,11,-0.2,9,0.1,9.4,0,-0.5,-0.3,8.1,0.1,-0.2,12.3,0.1,0.2,0,0.2,0.3,0.2,0.1,19,-0.07,0.31,0.08,1
39003,-11.9,10.6,10.1,1.7,-0.1,1.7,6.4,2.1,-1.3,1.6,2,6.8,2.1,2.3,2.2,2.1,3.8,3.3,1.6,50,1.14,-0.13,-0.07,4
39283,13.3,0.3,9.8,0.2,9.9,0,-0.5,-0.2,8.4,0.2,-0.2,14.6,-0.1,0.3,0.2,0.4,0.5,0.3,0.1,22,0.05,0.65,-0.12,1
39587,-0.1,8.3,7.7,1,2.1,0.8,3.9,1.2,1.3,1,1.1,6.6,1.5,1.3,1.2,1.9,2.6,1.7,0.7,40,0.59,4.72,-0.03,2
40035,-9.6,10.3,9.6,1.5,0.1,1.3,6.2,1.9,-1.1,1.5,1.8,6.6,2,2.1,1.8,2,3.6,2.9,1.4,50,1,0.55,-0.26,3
40136,6.9,5.2,7.2,0.3,5.1,0.1,0.8,0.1,4.9,0.5,0.5,9.8,0.5,0.8,0.9,0.5,1.8,1.1,0.4,31,0.34,2.81,-0.2,2
40183,13.1,0.3,9.7,0.1,9.8,0,-0.3,-0.2,8.4,0.3,-0.1,14.6,-0.1,0.4,0.3,0.3,0.8,0.5,0.2,22,0.08,-0.15,-0.03,1
40801,-8.3,10,9.4,1.5,0.6,1.4,6.4,2,-1.4,1.5,1.7,6.2,1.9,1.9,1.9,2.7,3.4,2.7,1.3,50,0.97,1.58,-0.2,3
41330,0.7,8.8,8,0.9,2.1,0.7,4.3,1.2,1.1,0.9,1,6.2,1.2,1.2,1.2,1.7,2.2,1.6,0.6,40,0.6,4.01,-0.24,2
41597,-8,10.5,9.8,1.3,0.1,1.3,6.5,1.9,-1.2,1.3,1.9,5.9,1.7,1.7,1.8,1.6,3,2.6,1.2,48,1.09,0.21,-0.49,3
42475,-4.7,5.5,7.4,1.1,-0.5,1.9,3.7,1.1,1.5,1.3,5.3,8.7,2.9,4.9,3.3,0.5,4.2,6,2.9,61,2.25,-20,-0.36,4
43039,-7.8,10.3,9.7,1.3,0.2,1.2,6.5,1.9,-1.2,1.3,1.8,6.1,1.8,1.9,1.8,2,3.2,2.6,1.3,48,1.02,0.78,-0.41,3
43042,3.9,7.6,7.6,0.6,3.7,0.4,2,0.5,3.4,0.6,0.8,8.3,0.9,1,1.1,0.8,2,1.3,0.5,36,0.44,3.58,0.04,2
43318,3.1,7.9,7.5,0.6,2.9,0.4,2.8,0.6,2.5,0.6,0.9,6.9,0.8,0.9,1,0.7,1.9,1.3,0.6,36,0.5,2.89,-0.17,2
43380,-5.2,9.2,8.8,1.4,0.9,1.6,5.8,1.9,-0.9,1.4,1.7,6.8,2.1,2.4,2.3,3.4,3.9,3.6,1.6,52,1.11,1.25,-0.01,3
43947,1.5,8.3,7.7,0.8,2.3,0.6,3.8,1,1.6,0.8,0.8,6,1,0.9,1,1.6,1.9,1.3,0.5,38,0.67,4.33,-0.3,2
44478,-10.8,9.3,9,1.7,1.7,5.1,2.4,1.4,-0.7,1.5,2.6,5.2,0.1,5.4,2.1,5.9,2.5,4.6,1.8,63,1.64,-1.38,0.11,6
45410,-7.8,9.8,9.2,1.5,0.6,1.2,6.2,2,-1.1,1.4,1.5,6.6,1.9,1.8,1.7,2.6,3.4,2.7,1.2,50,0.94,2.1,0.01,3
46184,-13.4,10.8,10.5,2,0.4,2.8,6.1,2.2,-1.5,1.9,2.2,7.2,2.1,2.7,2.7,2.8,4.2,4.1,1.9,51,1.27,0.04,0.01,4
47105,12.3,0.7,9.6,0.1,9.7,0,-0.3,-0.3,8.3,0.2,-0.2,13.5,0,0.3,0.1,0.4,0.6,0.5,0.2,20,0.03,-0.63,0.05,1
47205,-10.5,9.9,9.5,1.9,0.7,1.9,6.4,2.2,-1.6,1.7,1.7,7.1,2.2,2.5,2.3,3.7,4.4,3.7,1.6,51,1.05,2.47,0.22,4
48432,-8.8,10.1,9.4,1.5,0.4,1.3,6,1.9,-1,1.4,1.6,6.5,1.9,2,1.7,2.1,3.4,2.8,1.3,50,0.96,1.33,-0.32,3
48433,-12.1,10.7,10.2,1.7,0.1,1.9,6,2,-1.2,1.7,2.1,6.7,1.9,2.3,2.2,2.1,3.8,3.3,1.6,51,1.16,-0.15,-0.31,4
49520,-13.1,10.7,10.4,1.9,0.3,2.6,6.2,2.2,-1.5,1.8,2.2,7.2,2,2.6,2.6,2.6,4.1,4,1.8,53,1.27,-0.22,-0.02,4
51530,2.9,7.8,7.3,0.5,2.5,0.4,3,0.7,2.1,0.6,0.7,5.9,0.8,0.7,1,0.8,1.6,1.2,0.4,38,0.46,2.72,-0.56,2
52711,0.5,8.7,8,0.9,2.1,0.7,4.4,1.3,1,0.9,1,6.5,1.4,1.3,1.3,2,2.4,1.7,0.7,44,0.6,4.53,-0.15,2
55280,-12.1,10.3,9.8,1.8,0.6,1.9,6.1,2.1,-1.4,1.7,1.9,7,2.1,2.5,2.2,2.9,4.1,3.6,1.6,52,1.07,1.34,-0.08,4
55575,1.3,8.4,7.8,0.8,2.1,0.7,4.3,1.2,1.1,0.8,0.9,5.7,1.1,1,1.1,1.8,2,1.4,0.5,40,0.56,4.47,-0.28,2
57264,-10,10.5,9.7,1.6,0.4,1.6,6.5,2,-1.4,1.5,1.9,6.1,1.8,1.9,1.9,2.4,3.3,2.7,1.2,50,1.08,0.85,-0.4,4
57727,-7.5,9.6,8.9,1.4,0.5,1.1,6.1,1.8,-0.8,1.3,1.6,6.2,1.8,1.9,1.7,2,3.3,2.6,1.2,48,0.9,1.66,-0.32,3
58207,-10,10.4,9.6,1.5,0.1,1.3,6.5,2,-1.3,1.5,2.8,6.5,1.9,2.1,1.9,2,3.6,2.8,1.4,49,1.03,0.86,-0.31,4
58551,3.4,7.2,7,0.5,3.1,0.4,2.4,0.5,2.6,0.5,0.6,6.1,0.7,0.6,0.8,1,1.5,1.1,0.4,36,0.46,4.09,-0.55,2
60179,13.1,-0.1,9.9,0.1,10.1,-0.1,-0.5,-0.2,8.6,0.2,-0.3,14.6,0.2,0.4,0,0.2,0.7,0.4,0.1,22,0.04,0.59,0.98,1
61064,4.6,7.5,7.6,0.4,3.4,0.3,1.8,0.3,3.7,0.6,1.1,8.7,0.8,1,1.4,0.2,2.6,1.7,0.6,36,0.47,1.14,0.44,2
61295,6.7,6.2,7.6,0.4,4.7,0.2,1.3,0.1,4.7,0.6,1,9.8,0.4,1,1.3,0.1,2.5,1.6,0.5,36,0.42,1.47,0.05,2
62509,-10.8,10.1,9.5,1.6,0.4,1.5,6,1.9,-1,1.5,1.8,7.1,2,2.4,2,2.3,3.9,3.2,1.5,50,1,1.08,-0.09,4
64606,-3.1,9.3,8.4,1.2,1.2,1.5,5.3,1.6,-0.7,1.1,1.1,4.2,1.2,1.1,1.2,3.9,2.3,1.7,0.5,48,0.73,6.02,-0.99,3
65583,-3.6,9.4,8.6,1.3,1.3,1.6,5.4,1.7,-0.8,1.2,1.1,4.6,1.4,1.2,1.3,4.3,2.5,1.7,0.6,48,0.77,5.81,-0.62,0
67228,-0.6,8.9,8.3,0.9,2,0.6,4.9,1.4,0.9,1,1.3,7.3,1.5,1.6,1.4,1.8,2.7,2,0.9,42,0.63,3.46,0.04,2
69897,3.5,7.5,7.3,0.6,3.1,0.4,2.5,0.6,2.7,0.6,0.6,6.7,0.8,0.8,1,1,1.7,1.2,0.4,36,0.51,3.81,-0.26,2
70110,0.7,8.9,8.2,0.8,2.2,0.6,4.3,1.2,1.4,0.9,1.2,7,1.4,1.4,1.3,1.5,2.5,1.9,0.8,39,0.58,3.15,0.07,2
71369,-7.1,10.2,9.2,1,0.1,0.7,5.3,1.4,0,1.1,1.7,6.2,1.6,1.6,1.6,0.9,2.9,2.3,1.1,44,0.8,-0.35,-0.39,3
72660,12.9,0.2,9.8,0.1,10.1,-0.1,-0.3,-0.3,8.6,0.3,-0.2,14.6,0,0.3,0.2,0.4,0.6,0.5,0.1,21,0,0.81,0.34,1
72968,11.1,-0.3,9.5,0,9.6,-0.5,-0.2,-0.3,8.3,0.3,-0.2,14.1,0.3,0.5,0.3,-0.2,1.2,0.5,1,21,-0.03,1.14,1.6,1
75732,-7.8,8.8,8.6,1.9,1.3,1.8,6.1,2.2,-1.3,1.6,1.6,8.2,2.5,2.6,2.4,5,4.7,3.4,1.7,48,0.87,5.46,0.13,4
76151,-2.3,8.6,8.1,1.2,1.8,0.9,5,1.6,0.4,1.2,1.3,7,1.7,1.6,1.5,2.7,3.2,2.2,1,43,0.67,4.84,0.01,3
76291,-11.2,10.6,9.8,1.8,0.7,2.1,6.3,2.1,-1.5,1.6,1.9,6.6,1.9,2.2,2.3,3.2,3.8,3.5,1.6,51,1.09,1.5,-0.08,4
76294,-10.7,10.3,9.7,1.4,-0.3,1,6.3,1.9,-0.9,1.4,1.8,6.4,1.8,2.1,1.8,1.6,3.5,2.8,1.4,48,1,-0.21,-0.12,4
76813,-9.1,10.2,9.4,1.3,0.1,0.9,5.6,1.7,-0.5,1.3,1.7,6.2,1.7,2,1.6,1.5,3.3,2.5,1.3,49,0.93,0.24,-0.82,3
76932,2.1,7.7,7.1,0.5,2.3,0.5,3.2,0.7,1.6,0.5,0.3,4.4,0.5,0.6,0.8,1.4,1.3,0.8,0.3,37,0.53,4.22,-0.82,2
76943,4.2,7.2,7.5,0.6,4,0.4,1.8,0.5,3.7,0.6,0.8,8.9,0.8,1.2,1.1,0.9,2.3,1.5,0.7,35,0.44,2.89,-0.3,2
78249,-7.5,8.9,8.5,1.7,0.7,1.7,6.3,2.1,-1.4,1.6,1.4,6.8,2.1,2.2,2.2,3.7,4,3.3,1.5,51,0.98,3,0.02,3
78418,-1.8,8.7,8.1,1.1,1.7,0.8,5.2,1.5,0.4,1.1,1.3,6.9,1.6,1.6,1.3,2.3,2.9,2.1,0.9,45,0.66,3.5,-0.27,3
78558,-0.1,8,7.4,0.9,1.9,0.7,4.7,1.3,0.6,0.8,0.1,5.3,1.1,1,1.1,2.5,1.9,1.4,0.5,43,0.57,4.52,-0.4,2
79028,0.6,8.7,8.1,0.9,2.3,0.6,4.4,1.2,1.3,0.9,1.1,6.9,1.3,1.3,1.2,1.6,2.5,1.8,0.8,39,0.51,3.74,-0.08,2
79469,12.2,-0.4,9.5,0,9.8,0,-0.6,-0.3,8.4,0.1,-0.2,13.6,0.1,0.3,0.1,0.1,0.3,0.2,0,19,-0.06,0.9,0.4,1
80499,-8.1,10.2,9.3,1.1,-0.1,0.8,5.8,1.6,-0.5,1.2,1.7,6.2,1.7,1.9,1.6,1.2,3.2,2.5,1.2,48,0.93,-0.17,-0.27,3
80586,-8.5,9.9,9.3,1.3,0.3,1.1,5.8,1.7,-0.6,1.4,1.6,6.4,1.9,2.1,1.7,1.8,3.6,2.7,1.3,35,0.93,0.43,-0.29,3
81146,-12.3,10.6,10.2,2,0.7,2.7,6,2.2,-1.6,1.8,2.1,6.8,2,2.5,2.6,2.9,4.1,3.8,1.8,52,1.23,0.38,-0.01,4
81797,-13.5,10.6,10.8,2.1,0.4,3.9,5.5,2.1,-1.2,2,2.7,7.3,1.9,2.8,3,2.4,4.4,4.5,2.1,53,1.44,-1.7,-0.19,4
82210,-3.7,8.4,7.8,1.1,0.7,0.9,5,1.5,-0.1,1.1,1.4,5.7,1.6,1.5,1.4,1.8,2.8,2.1,0.9,44,0.73,2.05,-0.34,3
82328,3.5,7.7,7.4,0.5,3,0.4,2.2,0.5,2.9,0.6,0.8,7.1,0.9,0.7,1,0.6,1.8,1.3,0.5,36,0.43,2.55,-0.2,2
82395,-8.8,10.2,9.7,1.5,0.1,1.2,6.6,2.1,-1.4,1.5,1.8,6.4,1.9,2.1,2,2.3,3.6,3,1.5,50,1.05,0.65,-0.22,3
82741,-8.5,10.2,9.6,1.4,0.1,1.3,6.2,1.8,-1,1.4,1.8,6.2,1.8,1.8,1.7,1.9,3.3,2.6,1.2,50,0.99,0.58,-0.32,3
83506,-11.3,10.4,9.8,1.4,-0.2,1.1,6.1,1.9,-0.8,1.5,2,6.9,2,2.5,2,1.5,3.8,3.2,1.6,50,1.04,-0.49,-0.08,4
83618,-12.9,10.5,10.3,2,0.6,3,5.7,2.1,-1.3,1.9,2.4,6.9,2,2.5,2.7,2.5,4,3.9,1.8,53,1.32,-0.73,-0.05,4
83805,-8.4,9.9,9.3,1.3,0.1,1,5.9,1.8,-0.7,1.3,1.7,6.8,1.9,2.2,1.7,1.7,3.5,2.8,1.3,48,0.95,0.53,-0.22,3
84441,-5.5,9.7,8.7,0.8,-0.1,0.5,4.8,1.2,0.6,1,2,6.3,1.6,1.7,1.8,0.4,3,2.3,1.1,40,0.8,-1.45,-0.13,3
84453,-8.6,9.8,9.3,1.6,0.6,1.4,6.1,2,-1.2,1.5,1.6,6.6,2,2.1,1.9,2.7,3.6,2.9,1.2,50,0.95,2.23,-0.23,3
84737,-0.2,8.9,8.3,0.9,2.2,0.7,4.5,1.3,1.2,0.9,1.2,7.1,1.4,1.4,1.3,1.8,2.7,1.9,0.8,42,0.61,3.77,0.04,2
85444,-7.7,9.3,8.8,1.2,0.1,1,5.6,1.6,-0.4,1.3,1.7,6.5,1.8,2.1,1.8,1.5,3.5,2.8,1.3,46,0.92,-0.5,-0.34,3
85503,-12.2,10.6,10.3,2,0.5,2.9,6,2.3,-1.8,1.9,2,7.6,2.3,3.1,3.1,3.8,4.5,4.6,2,50,1.22,0.83,0.28,4
86728,-2.2,9,8.5,1.2,1.9,1,5,1.5,0.5,1.2,1.3,7.4,1.8,1.9,1.5,2.7,3.2,2.3,1.1,41,0.62,4.53,0.1,3
87141,3,7.9,7.5,0.5,2.8,0.4,2.5,0.6,2.8,0.6,1,7.4,0.8,0.9,1.2,0.7,2,1.4,0.7,35,0.52,2.33,0.04,2
87822,4.1,7.3,7.5,0.5,3.7,0.3,1.9,0.4,3.5,0.6,0.9,8.6,0.8,0.9,1.2,0.8,2,1.4,0.6,34,0.45,2.23,0.19,2
88284,-10.7,10.2,9.6,1.6,0.4,1.4,6.1,2,-1.1,1.5,1.7,7.5,2.1,2.5,1.8,2.6,4.1,3.3,1.7,50,1.01,0.88,0.02,4
88355,3.3,7.7,7.5,0.5,3.3,0.4,2.3,0.6,3.1,0.6,0.9,8,0.9,0.9,1.1,0.9,2,1.4,0.5,37,0.46,2.25,0.1,2
88737,1.4,8.2,7.7,0.7,2.4,0.5,3.4,0.9,2,0.8,1.2,7.8,1.2,1.3,1.3,1.1,2.6,2,0.8,39,0.56,2.44,0.14,2
88986,-0.3,8.7,8.1,1,1.8,0.7,4.8,1.4,0.7,1,0.9,6.7,1.3,1.2,1.4,2.1,2.5,2,0.8,40,0.6,3.96,-0.04,2
89010,-0.7,9,8.3,1,1.7,0.7,5.2,1.5,0.5,1,1.3,6.4,1.5,1.4,1.3,2,2.7,1.9,0.8,42,0.74,3.49,-0.03,3
89125,2.5,7.8,7.3,0.6,2.7,0.5,2.9,0.7,2.2,0.6,0.7,5.9,0.8,0.8,0.8,1.2,1.7,1.2,0.5,38,0.52,4.02,-0.38,2
89254,7.9,6,8.1,0.4,5.6,0.2,0.9,0,5.4,0.6,0.8,11.7,0.7,1,1.3,0.2,2.4,1.6,0.5,32,0.31,1.5,0.09,2
89449,3.5,7.7,7.6,0.5,3.5,0.4,2.2,0.5,3.3,0.6,0.9,8.4,0.9,1,1.2,0.9,2.1,1.5,0.6,36,0.44,3.17,-0.02,2
89707,2.2,7.5,7,0.7,2.3,0.5,3.6,1,1.5,0.8,-0.2,5.6,0.9,0.8,1,1.5,1.7,1.2,0.4,41,0.55,4.49,-0.42,2
89744,2.2,8.6,8.1,0.7,2.9,0.5,3.2,0.8,2.5,0.8,1.1,7.8,1.1,1.2,1.3,1.2,2.4,1.9,0.8,37,0.5,2.85,0.18,2
90277,9.6,5.1,8.7,0.3,6.6,0.2,0.7,0,6.1,0.5,0.6,12.6,0.4,0.8,0.9,0.2,2.1,1.4,0.4,30,0.29,0.69,0.19,2
90508,0.1,8.7,8.1,0.9,1.8,0.8,4.7,1.4,0.7,0.9,1,5.9,1.2,1.1,1.1,2.3,2.2,1.5,0.6,41,0.6,4.58,-0.23,2
91190,-9.3,10.2,9.5,1.4,0.1,1,6,1.8,-0.8,1.3,1.8,6.8,1.9,2,1.8,1.8,3.4,2.8,1.4,50,0.96,0.36,-0.13,3
91347,1,8,7.3,0.8,2.2,0.6,3.9,1,1.3,0.8,0.8,5.6,0.8,1,1,1.6,1.9,1.3,0.5,38,0.5,4.82,-0.48,2
91752,4.5,6.9,7.2,0.5,3.7,0.3,1.6,0.3,3.5,0.5,0.7,7.5,0.6,0.7,1,0.7,1.7,1.2,0.5,33,0.39,2.95,-0.23,2
91889,2.1,8.1,7.6,0.7,2.5,0.5,3.2,0.8,2,0.7,0.8,6.1,0.9,0.8,1.1,1.3,1.8,1.6,0.5,37,0.52,3.75,-0.24,2
92588,-6.6,9.4,9,1.6,1,1.4,6.3,2,-1.2,1.5,1.5,6.1,2,2,1.7,3.3,3.6,2.9,1.2,51,0.88,3.58,-0.41,3
93813,-11.5,10.6,10.3,1.8,0.6,2.4,6.2,2.1,-1.5,1.7,2.2,6.5,2.1,2.1,2.4,2.7,3.7,3.7,1.7,50,1.25,-0.03,-0.17,4
94028,3.2,5.9,5.9,0.4,2.8,0.3,1.7,0.3,2.3,0.3,0.2,4.1,0.3,0.3,0.4,0.9,0.7,0.5,0.2,34,0.48,4.64,-1.56,2
94264,-10.2,10.2,9.7,1.7,0.6,1.7,6.3,2,-1.4,1.6,1.8,6.9,2,2,1.9,2.8,3.7,3.1,1.4,50,1.04,1.45,-0.25,4
94363,-6.3,9.6,9,1.4,0.5,1,6.3,1.9,-1.1,1.3,1.5,5.7,1.7,1.6,1.6,2.4,3.2,2.6,1.1,50,0.9,1.61,-0.33,3
94600,-10.8,10.4,9.9,1.7,0.3,1.8,6.3,2,-1.4,1.6,1.9,6.6,1.9,2,2.1,2.5,3.7,3.2,1.6,51,1.1,0.65,-0.21,4
94669,-10.8,10.4,10,1.8,0.6,2.1,6.2,2.1,-1.5,1.7,1.9,6.3,2,2.1,2.2,3,3.8,3.4,1.6,52,1.13,1.13,-0.3,4
95128,-0.3,8.7,8.1,1,2.1,0.8,4.7,1.3,0.9,1,1.1,6.8,1.4,1.4,1.3,2.1,2.6,1.9,0.8,40,0.56,4.36,0.01,2
95241,1.6,8.6,7.8,0.7,1.9,0.5,4.1,1,1.4,0.7,1,5.7,0.9,0.8,1,1.1,1.9,1.5,0.6,39,0.59,2.71,-0.3,2
95272,-10.6,10.3,9.9,1.6,0.2,1.6,6.4,2.1,-1.4,1.6,1.9,6.7,1.9,2.2,2.1,2.3,3.7,3.3,1.5,51,1.1,0.43,-0.29,4
96436,-7,10.1,9.5,1.4,0.6,1.4,6.3,1.9,-1.3,1.3,1.5,5.4,1.6,1.6,1.7,2.9,2.9,2.5,1,49,0.97,1.55,-0.41,3
96833,-11.9,10.5,10.1,1.7,0,1.9,6.3,2.1,-1.3,1.7,2,7.1,2,2.3,2.1,2.2,3.8,3.4,1.7,51,1.15,-0.27,-0.12,4
98553,1.4,8,7.4,0.8,2,0.6,4.1,1.1,1.1,0.8,0.9,5.4,1.1,0.9,0.9,1.7,1.9,1.3,0.5,42,0.7,4.75,-0.43,2
98991,4.8,6.5,6.8,0.4,3.4,0.2,1.9,0.3,3.5,0.5,0.8,7.2,0.5,0.8,1.1,0.5,1.9,1.3,0.5,33,0.42,1.88,-0.1,2
99028,5.2,6.7,7.4,0.5,4.1,0.3,1.4,0.2,4.1,0.6,0.9,9.4,0.8,1,1.2,0.6,2.2,1.5,0.6,32,0.35,2.08,0.08,2
99167,-10.7,9.6,9.8,2,1.7,5.2,4.1,1.9,-1.3,1.9,2.7,5.7,1.1,3.6,3.3,3.8,3.6,4.8,2,55,1.56,-0.41,-0.38,6
99491,-5.9,8.6,8.4,1.7,1.4,1.3,5.9,2.1,-0.7,1.5,1.6,8.2,2.4,2.4,2,4.1,4,3.2,1.3,50,0.8,5.25,0.09,3
99747,5.7,5.3,6.7,0.3,4.2,0.2,1,0.1,4,0.4,0.4,7.2,0.3,0.4,0.7,0.5,1.3,0.9,0.3,35,0.39,3.21,-0.54,2
1.0003e+05,-5.9,10,9.1,1.2,0.6,1.1,5.9,1.7,-0.9,1.2,1.5,5.4,1.6,1.7,1.5,2.3,2.8,2.3,1,49,0.88,1.4,-0.45,3
1.007e+05,-7,10.2,9.4,1.2,0,1,6.5,1.9,-1.2,1.3,1.7,5.8,1.7,1.6,1.7,1.7,3,2.5,1.1,50,1.01,0.85,-0.41,3
1.0092e+05,-8.6,10.2,9.5,1.4,0.1,1.3,6.1,1.8,-1,1.4,1.7,6.3,1.8,1.9,1.7,1.8,3.3,2.7,1.3,49,1,0.61,-0.44,3
1.0148e+05,-9.4,10.1,9.5,1.5,0.3,1.4,5.9,1.8,-0.9,1.5,1.7,6.6,2,2.1,1.8,2.2,3.7,3.1,1.5,51,0.98,1,-0.2,3
1.015e+05,-4,8.7,8.2,1.5,1.3,1.3,5.5,1.8,-0.4,1.4,1.3,6.9,2,1.6,1.5,3.3,3.4,2.5,1.1,48,0.73,5.42,-0.27,3
1.0207e+05,-8.4,9.8,9.3,1.3,0,1,5.8,1.7,-0.6,1.3,1.7,6.6,1.8,2,1.8,1.5,3.4,2.9,1.4,48,0.97,-0.43,-0.27,3
1.0221e+05,-10.5,10.1,10,1.8,2.3,4.7,3.7,1.6,-0.8,1.6,2.6,4.9,0.9,3.2,2.8,4.5,2.6,3.8,1.7,60,1.51,-0.88,-0.09,6
1.0222e+05,-10.6,10.8,10.2,1.6,0.4,1.8,6.4,2,-1.4,1.5,2.1,5.8,1.6,2,2.1,2.3,3.3,3,1.4,50,1.18,-0.18,-0.38,4
1.0233e+05,-12,10.6,10.4,2.1,0.6,3.2,6.1,2.3,-1.9,1.9,2.1,7.4,2.2,3.1,3,3.8,4.6,4.7,2.1,53,1.27,1.26,0.37,6
1.0257e+05,0.8,8.9,8.2,0.8,2.5,0.6,4,1.1,1.8,0.9,1.2,7.4,1.4,1.4,1.2,1.5,2.6,2,0.9,37,0.58,3.11,0.16,2
1.0263e+05,2.4,8.4,8,0.7,3.1,0.5,3.2,0.8,2.6,0.8,1,8,1.2,1.3,1.2,1.4,2.3,1.8,0.7,37,0.52,3.48,0.24,2
1.0287e+05,1.3,8.6,8.1,0.7,2.6,0.6,3.7,1,2,0.8,1.1,7.6,1.3,0.9,1.1,1.3,2.4,1.6,0.6,38,0.55,3.42,0.13,2
1.0305e+05,-7.7,9,8.7,1.6,0.7,1.4,6.1,2,-1.2,1.5,1.5,6.8,2,2.1,1.9,3,3.9,3.1,1.4,50,0.97,2.56,-0.09,3
1.031e+05,-6.7,9.9,8.7,1.3,1.2,1.9,4.5,1.5,-0.9,1.2,0.8,3.1,1,0.8,1,3.5,2.2,1.6,0.4,48,0.75,6.64,-1.4,4
1.043e+05,-4.9,8.8,8.4,1.5,1.4,1.1,6,2,-0.5,1.4,1.4,7.7,2.1,2.2,1.8,3.7,3.8,2.9,1.3,50,0.78,4.99,0.17,3
1.0456e+05,-4.9,9.9,9.2,1.2,1,1.5,5.9,1.8,-1.1,1.2,1.3,5.5,1.6,1.4,1.6,3.4,2.8,2.1,0.9,48,0.86,2.92,-0.64,3
1.0499e+05,-8,10.5,9.9,1.3,0.3,1.3,6.5,1.9,-1.3,1.3,1.7,6.3,1.7,1.9,1.9,2.6,3.2,2.7,1.3,49,1.01,0.76,-0.47,3
1.0504e+05,-10.7,10.6,10.2,1.8,0.8,2.5,6.2,2.1,-1.6,1.7,2,6.8,1.9,2.3,2.4,3,3.8,3.6,1.6,52,1.17,0.84,-0.14,4
1.0652e+05,3.6,6.8,6.8,0.5,3.2,0.4,2.2,0.4,2.6,0.4,0.5,5.9,0.5,0.6,0.6,1.3,1.2,0.8,0.3,35,0.46,4.34,-0.7,2
1.0671e+05,-7.8,10.1,9.4,1.3,0.1,1.1,6.1,1.8,-0.8,1.3,1.7,6.5,1.8,1.8,1.6,1.6,3.2,2.6,1.2,50,0.97,0.54,-0.39,3
1.0711e+05,4.8,6.3,6.9,0.4,3.5,0.3,1.6,0.2,3.5,0.4,0.6,6.7,0.5,0.8,0.9,0.6,1.5,0.9,0.4,34,0.43,3.34,-0.54,2
1.0721e+05,2.2,8.6,8.1,0.7,3,0.5,3.3,0.9,2.4,0.8,1,8.3,1.2,1.3,1.3,1.1,2.5,1.8,0.8,38,0.5,2.85,0.21,2
1.0726e+05,12.6,0.6,9.6,0.1,9.6,0,-0.2,-0.2,8.2,0.3,0,14.1,0,0.4,0.2,0.4,0.7,0.4,0.1,22,0.02,-0.53,0.11,1
1.0733e+05,-9.9,10.9,10.3,1.5,0.8,1.8,6.2,2,-1.3,1.4,2.1,6.5,1.9,2.2,2.4,2.8,3.2,3.2,1.5,51,1.12,0.29,-0.47,4
1.0742e+05,-10.5,10.2,9.7,1.7,0.4,1.7,6.1,2,-1.2,1.6,1.8,6.7,1.9,2.3,2,2.5,3.8,3.2,1.5,50,1.05,1.24,-0.26,4
1.0795e+05,-8.2,10.2,9.4,1.1,0,0.8,5.2,1.4,0,1.2,1.8,6.8,1.7,2,1.7,1,3.3,2.6,1.3,47,0.87,-0.6,-0.38,3
1.0823e+05,-9,9.9,9.3,1.4,0.2,1.2,5.8,1.8,-0.7,1.4,1.7,7,1.9,2.2,1.7,1.8,3.7,2.9,1.4,48,0.96,0.8,-0.14,3
1.0838e+05,-11.6,10.4,10.1,1.8,0.3,2,6.2,2.2,-1.5,1.7,1.9,7.8,2.3,2.7,2.4,2.8,4.3,3.9,1.8,52,1.13,0.77,0.01,4
1.0895e+05,0.7,8.6,7.9,0.9,2.4,0.6,3.8,1.1,1.6,0.9,0.9,7.1,1.3,1.1,1.2,1.7,2.2,1.6,0.7,39,0.55,4.49,-0.11,2
1.0932e+05,-9.4,10.3,9.7,1.5,0.1,1.3,6.2,1.9,-1,1.5,1.8,6.9,1.9,2.2,1.9,2,3.6,2.9,1.5,50,1,0.86,-0.33,3
1.0935e+05,-9.1,10.3,9.8,1.6,0.2,1.5,6.4,2,-1.3,1.5,1.9,6.8,1.8,2.2,2,2.2,3.7,3,1.5,50,1.05,0.94,-0.31,3
1.0936e+05,0.6,8.5,7.9,0.9,2,0.7,4.5,1.3,1,0.9,1,6.4,1.2,1.1,1.1,1.9,2.2,1.5,0.7,40,0.58,4.65,-0.19,2
1.1001e+05,-12.5,10.7,10.4,2,0.2,2.6,6.2,2.2,-1.7,1.9,2.1,8,2.2,3.1,2.8,3.1,4.5,4.4,2,52,1.23,-0.29,0.16,4
1.109e+05,1.1,8.2,7.5,0.8,2.1,0.6,3.9,1,1.2,0.8,0.5,5.4,1,0.8,1,1.7,1.8,1.2,0.5,40,0.5,4.8,-0.59,2
1.1103e+05,-8.8,10,9.5,1.7,0.8,1.8,6.2,2,-1.4,1.5,1.6,6.7,1.9,2.1,2,3.3,3.7,3,1.3,51,1,2.41,-0.34,4
1.123e+05,-10.6,9.3,9.2,1.8,1.9,5.5,2.6,1.6,-1.4,1.6,2.4,5.5,0.1,5.2,2,5.8,2.6,4.5,1.7,63,1.58,-0.58,0.06,6
1.1302e+05,3.5,7.6,7.5,0.6,3.6,0.4,2,0.5,3.4,0.6,0.8,8.5,0.9,1,1.1,0.9,2.1,1.4,0.6,36,0.42,3.14,0.1,2
1.1385e+05,5.3,5.9,6.9,0.4,4,0.3,1.3,0.3,3.8,0.5,0.6,8.1,0.5,0.6,0.9,0.5,1.7,1,0.4,34,0.39,2.5,-0.19,2
1.1404e+05,-11.5,10.5,10.1,1.8,0.2,2,6.1,2.1,-1.3,1.7,2,7.2,2.1,2.5,2.2,2.6,4,3.6,1.7,52,1.14,0.33,-0.13,4
1.1464e+05,3.9,7.2,7.1,0.5,3.1,0.3,2.1,0.5,3,0.5,0.8,7.3,0.8,0.8,1,0.6,1.9,1.3,0.5,36,0.46,2.48,-0.17,2
1.1471e+05,0.1,8.6,8,0.9,2.4,0.7,4,1.2,1.5,1,1,7.3,1.4,1.4,1.3,1.8,2.6,1.7,0.8,40,0.57,4.45,0.03,2
1.1476e+05,2.2,7.7,7,0.6,2.2,0.4,3.5,0.8,1.5,0.6,0.3,5.2,0.7,0.6,0.8,1.4,1.5,1,0.4,39,0.55,4.26,-0.74,2
1.1495e+05,-5.5,9.6,8.9,1.3,0.6,1.1,6.1,1.8,-1.1,1.3,1.4,5.8,1.6,1.6,1.5,2.4,2.9,2.3,1,48,0.87,2.4,-0.44,3
1.1506e+05,-8.3,8.9,9.1,1.7,0.6,2.2,6.4,2.1,-1.5,1.7,1.8,6.8,2.1,2.3,2.4,3.1,4.1,3.6,1.6,50,1.14,1.57,0,4
1.1514e+05,-10.9,10.5,10.1,1.8,0.4,2,6.4,2.1,-1.5,1.7,2,7.3,2.1,2.5,2.3,2.8,4,3.6,1.6,52,1.14,0.85,-0.11,4
1.152e+05,-9.4,9.9,9.5,1.7,0.7,1.7,6.4,2.1,-1.6,1.6,1.6,6.9,2,2.1,2.1,3.4,3.9,3.2,1.4,51,1.03,2.27,-0.08,3
1.1538e+05,0.6,8.1,7.7,0.9,2.4,0.7,3.8,1.1,1.7,0.9,1.1,7.6,1.3,1.6,1.3,1.9,2.7,1.9,0.9,40,0.59,3.95,0.1,2
1.156e+05,8.3,7,8.7,0.4,5.6,0.2,0.9,0,5.9,0.7,0.8,12.8,0.7,1.2,1.4,0.1,2.8,1.8,0.7,33,0.3,0.01,0.31,2
1.1562e+05,-3.3,9,8.5,1.4,1.5,1.2,5.5,1.8,-0.2,1.3,1.3,6.8,1.8,1.7,1.5,3.2,3.3,2.3,1,45,0.71,5.09,-0.03,3
1.1566e+05,-8.4,10,9.3,1.2,0.1,0.8,5.7,1.7,-0.5,1.3,1.7,6.8,1.8,2,1.7,1.4,3.4,2.7,1.3,48,0.92,-0.04,-0.25,3
1.1629e+05,-8.5,10.1,9.5,1.4,0.1,1.1,6.2,1.9,-1,1.4,1.7,6.6,1.9,2,1.8,1.8,3.5,2.8,1.4,50,0.99,0.41,-0.38,3
1.1666e+05,13.6,0.5,9.8,0.1,10,0.1,-0.4,-0.2,8.4,0.2,-0.1,6.5,0.6,5,2.1,5.3,2.7,4.8,1.8,22,0.02,0.37,0,0
1.1698e+05,-11.4,10.3,9.9,1.6,0.1,1.6,6,2,-1.3,1.6,1.9,7.4,2.2,2.7,2.1,2.3,4.2,3.6,1.8,51,1.09,0.27,0.03,4
1.1718e+05,-2.4,9.2,8.5,1.1,1.3,1,5.5,1.6,-0.1,1.1,1.2,6.4,1.6,1.5,1.4,2.4,2.9,2,0.9,45,0.69,3.71,-0.21,4
1.1782e+05,-7,10.1,9.4,1.3,0.1,1,6.4,1.8,-1,1.3,1.7,6.1,1.7,1.7,1.7,1.6,3.1,2.4,1.1,50,0.96,0.67,-0.35,3
1.181e+05,-4.8,2.6,2.9,1.5,1.5,3.4,2.9,1.8,-1.6,1.5,1.9,6.5,2.2,2,3.2,4.3,5.5,4.7,1.7,57,1.2,7.83,-0.06,4
1.2014e+05,2.8,8.1,7.8,0.7,3.5,0.5,2.6,0.7,3,0.7,1,8.8,1.1,1.3,1.2,1.2,2.4,1.7,0.7,37,0.48,3.53,0.21,2
1.2016e+05,-9.9,10.3,9.8,1.5,0.1,1.4,6.3,2,-1.2,1.5,1.9,6.9,1.9,2,1.9,2,3.6,3,1.4,50,1.03,0.66,-0.25,3
1.2045e+05,-10.2,10.3,9.8,1.6,0.1,1.4,6.3,2,-1.2,1.5,1.8,7,1.7,2.7,2.3,2.3,3.6,3.4,1.7,50,1.06,0.62,-0.2,4
1.2115e+05,-9.9,9.4,9.4,1.9,0.6,2.7,5.8,2.1,-1.6,1.7,1.9,6.9,2,2.1,2.5,4,4,3.7,1.7,52,1.17,1.51,-0.24,4
1.213e+05,-11.1,10.4,9.9,1.7,0.2,1.8,6.3,2.1,-1.4,1.6,1.9,7.3,2,2.5,2.1,2.5,4.1,3.5,1.7,52,1.08,0.69,-0.05,4
1.2137e+05,0.5,8.8,8.2,0.7,2.5,0.5,4,1.1,1.9,0.8,1.2,8,1.3,1.6,1.5,1.2,2.8,2,1,40,0.58,2.41,0.19,2
1.2398e+05,-7.7,9.7,9.3,1.3,0.1,1.3,6.4,1.9,-1.3,1.3,1.8,6.5,1.8,1.8,1.9,2.1,3.3,2.7,1.3,50,1.02,0.82,-0.47,3
1.2419e+05,-11.4,10.1,9.9,2.1,0.5,3.1,6,2.3,-2,1.9,2.1,7.9,2.2,2.9,2.8,3.7,4.6,4.5,1.9,54,1.26,0.76,0.34,4
1.2455e+05,-7.1,9.5,9.7,1.8,1.3,3.3,5,2,-0.8,1.8,2.5,6.9,1.8,2.7,2.9,2.6,3.9,4.2,1.9,53,1.36,-1.11,0.17,4
1.2457e+05,2.1,8.6,8,0.7,2.7,0.5,3.6,0.9,2.1,0.8,1.1,7.5,1.2,1.2,1.2,1.1,2.4,1.7,0.7,36,0.58,2.89,0.07,2
1.2485e+05,2.9,7.7,7.3,0.6,2.6,0.4,2.9,0.7,2.4,0.6,0.9,6.9,0.8,0.9,1.1,0.8,2,1.4,0.7,37,0.5,2.45,-0.11,2
1.249e+05,-10.9,11,10.5,1.6,1,2.3,6,2,-1.2,1.5,2.2,6.1,1.8,2,2.5,2.9,3.3,3.1,1.5,52,1.23,-0.3,-0.42,4
1.2518e+05,-3.2,8.8,8.4,1.2,1.5,0.9,5.6,1.7,0,1.2,1.3,7.6,1.9,2,1.6,2.5,3.4,2.5,1.2,39,0.7,3.92,0.13,3
1.2545e+05,5,6.6,7.1,0.5,4.2,0.3,1.4,0.3,4,0.5,0.7,8.9,0.7,0.8,1,0.7,1.8,1.2,0.5,35,0.39,3.32,-0.02,2
1.2545e+05,-10.7,10.4,9.7,1.5,0.1,1.3,6.3,1.9,-1,1.5,1.8,6.6,1.9,2.1,1.9,2,3.5,2.9,1.4,49,1.02,0.52,-0.38,4
1.2556e+05,-13.5,10.7,10.2,2,0.4,2.8,6.3,2.3,-1.8,1.9,2.1,8,2.1,2.8,2.7,3.5,4.4,4.3,2,53,1.23,1.03,0.21,4
1.2614e+05,5.1,6.6,7.2,0.5,4.2,0.3,1.3,0.3,4,0.5,0.6,8.9,0.6,0.8,1,0.6,1.7,1.2,0.4,35,0.37,3.46,0,2
1.2651e+05,1.4,8.4,7.6,0.6,2,0.6,4,1,1,0.7,0.7,5.2,0.9,0.8,0.9,1.6,1.7,1.2,0.5,39,0.59,3.94,-0.63,2
1.2666e+05,11,3.1,8.1,0.3,6.7,0.1,0.8,0,6.5,0.6,0.8,13,0.1,0.9,1.2,0,2.1,1.3,0.5,30,0.23,0.67,0.1,2
1.2687e+05,-0.8,8.2,7.6,0.9,1.2,0.7,4.6,1.3,0.6,0.9,1.3,6.6,1.4,1.4,1.4,1.3,2.7,2,1,42,0.69,1.73,-0.25,2
1.2724e+05,-2.8,10.1,9.1,0.8,0.3,0.8,6,1.5,-0.7,0.9,1.4,5.1,1.3,1.2,1.4,1.3,2.2,1.8,0.7,43,0.85,0.71,-0.59,3
1.2733e+05,-2.9,8.9,8.5,1.3,1.8,1,5.5,1.7,0.2,1.2,1.3,7.6,1.8,1.9,1.6,2.8,3.3,2.4,1.1,45,0.65,4.54,0.05,3
1.2767e+05,-12.9,10.8,10.4,2,0.8,2.9,6,2.2,-1.6,1.9,2.3,7.4,2.1,2.5,2.7,2.9,4.1,4,1.8,53,1.3,0.28,-0.5,4
1.2817e+05,5.8,5.3,6.7,0.4,4.4,0.2,0.9,0.1,4.1,0.4,0.4,8.2,0.4,0.5,0.7,0.5,1.3,0.9,0.3,33,0.36,3.51,-0.41,2
1.2997e+05,-9.4,10.2,9.6,1.4,0.1,1.1,6,1.8,-0.8,1.4,1.8,6.9,1.9,2.2,1.7,1.7,3.6,2.8,1.4,50,0.98,0.4,-0.25,3
1.3069e+05,-12.9,11,10.3,1.8,1.3,3,5.3,1.9,-1.2,1.6,2.2,6.3,1.5,2.5,2.9,3.3,3.4,3.4,1.3,53,1.39,-0.44,-0.34,4
1.3095e+05,-0.4,8.2,7.6,0.9,2.2,0.7,3.9,1.2,1.4,1,1.1,7.1,1.4,1.3,1.3,1.8,2.5,1.8,0.8,42,0.56,4.58,0.2,2
1.3095e+05,-6.3,9.7,9.2,1.2,0.2,1.1,6.3,1.8,-1.1,1.2,1.6,6,1.6,1.8,1.8,2.3,3,2.5,1.2,48,0.98,0.83,-0.53,3
1.3111e+05,-9.1,10.2,9.7,1.6,0.6,1.6,6.4,2,-1.4,1.5,1.7,6.4,1.8,1.8,1.9,2.7,3.5,2.8,1.3,50,1.02,1.54,-0.41,3
1.3116e+05,-4.1,8.2,7.7,1.5,1.1,1.4,5.2,1.8,-0.3,1.3,1.4,6.6,1.8,1.6,1.5,3.1,3.3,2.3,1,48,0.76,5.42,-0.26,3
1.3198e+05,-10.7,7.7,8,2.3,2.3,4.7,4.6,2.3,-2,2.1,2.2,8.2,2.7,2,3.4,5.5,5.6,4.9,1.9,54,1.11,6.88,0.01,4
1.3213e+05,-11.4,10.5,10.1,1.7,0.3,1.9,6.2,2.1,-1.4,1.7,1.9,7.1,2,2.6,2.3,2.4,4.2,3.6,1.7,51,1.13,0.75,-0.08,4
1.3235e+05,-11.9,10.6,10.4,2,0.3,2.9,6,2.3,-1.8,1.9,2,7.8,2.3,3.2,2.9,3.6,4.7,4.6,2.1,53,1.26,0.94,0.42,4
1.3317e+05,-9.9,10.3,9.7,1.5,0.2,1.5,6.2,1.9,-1.2,1.5,1.8,6.1,1.9,1.9,1.9,2.2,3.4,2.9,1.4,50,1.04,0.65,-0.23,3
1.3321e+05,-9.2,10.3,9.6,1.2,-0.3,0.9,5.9,1.6,-0.5,1.3,1.9,6.9,1.8,2,1.7,1.1,3.3,2.7,1.4,48,0.97,-0.63,-0.28,3
1.3408e+05,4.3,7.1,7.3,0.5,3.7,0.4,1.9,0.5,3.5,0.6,0.7,8,0.8,0.8,1,0.9,1.9,1.3,0.6,35,0.43,3.46,0.05,2
1.3417e+05,2.3,7.7,7.1,0.6,2.2,0.5,3.4,0.8,1.4,0.6,0.6,5,0.7,0.6,0.7,1.3,1.4,1,0.3,41,0.53,3.83,-0.83,2
1.3419e+05,-6.3,10.1,9.3,1.2,0,0.9,6.4,1.8,-1,1.2,1.7,5.9,1.5,1.5,1.6,1.6,2.8,2.3,1.2,48,0.96,0.74,-0.46,3
1.3572e+05,-7,10.2,9.5,1.2,0.1,1.1,6.2,1.8,-0.9,1.3,1.7,5.9,1.6,1.6,1.6,1.8,3,2.5,1.1,48,0.95,0.7,-0.44,3
1.3606e+05,2.2,8.5,7.9,0.7,2.7,0.5,3.6,0.9,2.1,0.7,1.1,7.4,1.1,1.1,1.2,1.3,2.2,1.6,0.6,39,0.56,3.08,-0.02,2
1.362e+05,2.3,8.5,8,0.7,2.7,0.5,3.4,0.8,2.2,0.7,1,7.3,1,1.1,1.2,1.1,2.1,1.6,0.7,38,0.5,3.14,-0.07,2
1.3648e+05,-10.8,10.3,9.9,1.6,0.2,1.5,6.1,2,-1.2,1.6,1.8,7.4,2.1,2.6,2.1,2.6,4,3.6,1.7,51,1.04,0.96,0.35,4
1.3651e+05,-7.7,10.3,9.6,1.4,0.2,1.2,6.6,1.9,-1.3,1.4,1.7,6.2,1.8,1.9,1.9,2.1,3.3,2.7,1.2,50,1.02,0.89,-0.32,3
1.3673e+05,-12.9,10.6,10.5,2.1,0.8,3.5,5.6,2.2,-1.4,1.9,2.6,7.1,2,2.9,2.9,2.9,4.2,4.5,2,54,1.37,-0.37,0.07,4
1.3705e+05,4,7.1,7.2,0.5,3.4,0.3,1.8,0.4,3.3,0.6,0.8,7.5,0.7,0.8,1,0.6,1.9,1.4,0.6,35,0.44,2.39,-0.13,2
1.3776e+05,-11.9,10.5,10.1,1.9,0.6,2.5,6.1,2.2,-1.6,1.8,1.9,7.1,2.1,2.5,2.4,3.2,4.1,4,1.9,52,1.16,0.81,0.02,4
1.3872e+05,-9.4,10,9.5,1.7,0.8,1.7,6.2,2.1,-1.4,1.6,1.7,6.5,1.9,2.1,2,3.3,3.8,3.2,1.4,51,1.02,2.3,-0.21,3
1.3891e+05,-8.1,10.2,9.5,1.4,0.1,1.2,6.3,1.8,-1.1,1.4,1.7,5.7,1.7,1.7,1.7,1.9,3.1,2.5,1.2,50,1.01,0.56,-0.55,3
1.3964e+05,-5.2,9.8,9,1.2,0.5,0.9,6.2,1.8,-1,1.2,1.5,5.1,1.4,1.3,1.4,1.9,2.6,2,0.9,48,0.88,1.75,-0.59,3
1.4057e+05,-12.1,10.5,10.2,1.9,0.4,2.4,6.3,2.2,-1.7,1.8,2,7.7,2.3,2.9,2.6,3.2,4.3,4.3,1.9,52,1.17,0.89,0.25,4
1.41e+05,0.1,8.8,8.1,0.9,2.2,0.7,4.5,1.2,1.1,0.9,1.1,6.6,1.3,1.4,1.3,1.9,2.5,1.8,0.8,40,0.6,4.08,-0.04,2
1.4168e+05,-8.7,10.3,9.6,1.4,0.1,1.2,6.3,1.9,-1.1,1.4,1.7,6.1,1.7,1.9,1.8,2,3.3,2.8,1.3,48,1.02,0.7,-0.36,3
1.4171e+05,-3.5,9,8.2,1,0.6,0.8,5.4,1.5,-0.2,1.1,1.4,5.8,1.5,1.5,1.4,1.6,2.7,2,0.9,45,0.8,1.1,-0.22,3
1.4209e+05,-9.6,9.8,9.5,1.8,0.8,1.8,6.1,2.1,-1.4,1.6,1.6,7.1,2.1,2.3,2.1,3.4,4,3.4,1.6,50,1,2.35,-0.13,4
1.422e+05,-8.1,10.3,9.7,1.4,0.1,1.2,6.5,1.9,-1.2,1.4,1.8,6.1,1.8,1.8,1.8,1.9,3.3,2.7,1.3,50,1.02,0.66,-0.28,3
1.4237e+05,1.6,8.3,7.6,0.7,1.9,0.5,4,1,1.2,0.7,0.8,5.3,0.8,0.7,1,1.4,1.6,1.2,0.4,39,0.56,3.62,-0.52,2
1.4286e+05,3.2,7.6,7.4,0.6,3,0.4,2.5,0.6,2.7,0.6,0.8,6.8,0.8,0.6,1,1.1,1.8,1.3,0.6,36,0.48,3.62,-0.16,2
1.4298e+05,-11,10.3,9.9,1.9,0.5,2.5,5.9,2.1,-1.6,1.7,2,6.6,1.9,2.5,2.5,4,4,3.7,1.7,51,1.14,1.33,-0.06,4
1.4311e+05,-12,10.8,10.4,1.8,0.5,2.4,6.1,2.1,-1.4,1.7,2.2,6.8,2,2.3,2.5,2.5,3.7,3.6,1.7,53,1.18,-0.04,-0.21,4
1.4367e+05,-7.8,10.2,9.5,1.3,0.2,1.1,6.5,1.9,-1.2,1.3,1.8,6.2,1.8,1.7,1.6,1.9,3.2,2.8,1.2,48,0.99,0.24,-0.41,3
1.4376e+05,0.4,8.8,8.1,0.9,1.9,0.8,4.6,1.3,0.8,0.9,1,6,1.2,1.1,1.2,2.1,2.2,1.5,0.6,42,0.61,4.19,-0.26,2
1.4417e+05,4.1,6.8,6.9,0.4,3.3,0.3,2,0.4,2.9,0.5,0.6,6.5,0.6,0.5,0.9,0.6,1.5,1,0.4,38,0.46,3.46,-0.44,2
1.4459e+05,-2.1,9.2,8.5,1.1,2.2,0.9,4.8,1.4,0.9,1.1,1.2,7.6,1.7,1.8,1.5,2.4,3.2,2.4,1.1,45,0.66,4.02,0.23,4
1.4515e+05,-9.1,9.5,9.2,1.9,1.1,2.2,6.3,2.2,-1.7,1.7,1.6,7.1,2.2,2.3,2.2,4.3,4.3,3.5,1.6,51,1.03,3.52,-0.03,4
1.4533e+05,-9.3,10,9.5,1.7,0.6,1.6,6.4,2.1,-1.4,1.6,1.7,6.4,1.9,2.1,1.8,3.1,3.7,3.1,1.4,50,1.01,2.06,0.01,3
1.4568e+05,-7.7,8.7,8.5,1.9,1.3,1.7,6.1,2.2,-1.2,1.6,1.6,8.2,2.5,2.6,2.3,5,4.7,3.7,1.7,50,0.9,5.38,0.27,3
1.4679e+05,-8.6,10.2,9.6,1.4,0.1,1.3,6,1.8,-0.9,1.4,1.8,6.6,2,1.9,1.9,1.8,3.4,2.8,1.3,48,0.96,0.65,-0.35,3
1.4738e+05,-3.6,2.3,2.7,1.2,2.4,3.8,1.2,1.2,-1.2,1.2,1.9,5.3,0.7,1.7,2.8,3.3,4.8,4.9,1.5,60,1.51,10.55,0,4
1.4768e+05,-9.7,10.1,9.5,1.5,0.4,1.3,6.1,1.9,-1,1.5,1.7,7,2,2.2,1.8,2.3,3.7,3.1,1.5,50,0.97,1.1,-0.15,3
1.477e+05,-8.4,10.1,9.5,1.4,-0.1,1,6.6,2,-1.2,1.4,1.8,6.3,1.9,2,1.8,2.1,3.4,2.8,1.4,50,1.02,0.8,-0.22,3
1.4821e+05,1.8,8,7.4,0.6,2.4,0.6,3.7,0.9,1.4,0.7,0.8,5,0.6,0.8,0.8,1.4,1.5,1.2,0.5,38,0.53,4.08,-0.65,2
1.4829e+05,-12.3,10.6,10.2,1.8,0.3,1.9,5.9,2.1,-1.2,1.7,2,7.1,2.1,2.6,2.2,2.6,4.1,3.7,1.8,52,1.12,0.47,0.05,4
1.4878e+05,-15.8,10.6,9.6,1.6,1,5.6,-0.4,0.7,-3.8,0.8,0.1,5.3,-1.1,6.5,-0.6,9,2.3,4.6,0.7,66,1.52,-0.21,-0.06,6
1.4879e+05,-9.4,10.1,9.4,1.2,0.2,0.9,5.6,1.7,-0.3,1.3,1.7,7.3,2,2.2,1.7,1.5,3.6,3,1.5,48,0.92,0.24,-0.09,3
1.4882e+05,2.2,8,7.3,0.6,2.3,0.5,3.7,0.9,1.3,0.6,0.6,4.9,0.6,0.6,0.7,1.5,1.4,1,0.4,38,0.54,4.2,-0.72,2
1.4916e+05,-11.7,10.1,10.2,2.1,1.8,4.7,4.6,2,-1.3,1.9,2.6,6,1.4,2.7,3,3.7,3.7,4.3,1.8,54,1.49,-0.1,-0.13,4
1.4966e+05,-7.2,8.7,8.5,1.9,1.2,2,5.9,2.2,-1.2,1.6,1.6,7.1,2.2,2.1,2.1,4.5,4.2,3,1.3,52,0.81,5.81,0.01,4
1.5001e+05,4.6,7.1,7.3,0.5,3.7,0.3,1.6,0.3,3.7,0.6,0.9,8.8,0.8,1,1.1,0.5,2.1,1.4,0.6,35,0.52,1.99,0.05,2
1.5018e+05,3.5,7,6.8,0.5,2.7,0.3,2.5,0.5,2.3,0.5,0.5,5.5,0.5,0.5,0.7,0.8,1.4,1,0.3,33,0.49,3.15,-0.56,2
1.5028e+05,-7.1,10.5,9.8,1.3,0.8,1.5,6.1,1.8,-1.2,1.2,1.6,4.8,1.3,1.6,1.8,2.7,2.7,2.2,1.1,51,1,0.86,-0.64,3
1.5045e+05,-8.5,9.5,9.2,1.6,0.3,1.6,6,1.9,-1.1,1.5,1.9,6.8,1.9,2.2,2.1,2.4,3.8,3.4,1.6,51,1.08,0.79,-0.17,3
1.5045e+05,4.6,6.4,6.8,0.4,3.4,0.2,1.6,0.3,3.4,0.4,0.6,6.7,0.4,0.5,0.8,0.5,1.5,1.2,0.4,33,0.43,2.43,-0.37,2
1.5068e+05,-0.8,9.1,8.4,0.9,1.8,0.6,5,1.4,0.9,0.9,1.3,7.2,1.4,1.4,1.4,1.6,2.7,2,0.9,39,0.65,2.64,-0.19,2
1.51e+05,-7,9.7,9.1,1.2,0.2,1,6,1.7,-0.7,1.3,1.6,5.8,1.6,1.8,1.5,1.8,3.1,2.5,1.1,48,0.92,0.85,-0.32,3
1.5177e+05,3.5,7.5,7.3,0.5,3.1,0.3,2.2,0.5,3.1,0.6,1,7.8,0.9,0.9,1.2,0.7,2.2,1.6,0.6,37,0.47,1.81,0,2
1.526e+05,-11.2,10.4,9.9,1.8,0.4,1.9,6.2,2.1,-1.4,1.7,1.8,7.5,2.2,2.5,2.2,2.8,4,3.6,1.7,52,1.08,0.84,0.03,4
1.5279e+05,0.4,8.9,8.1,0.8,1.6,0.7,4.9,1.3,0.6,0.9,1,5.5,1.1,1.1,1,1.7,2.1,1.5,0.6,40,0.72,3.36,-0.38,2
1.5282e+05,-8.2,10.2,9.5,1.3,0.1,1.2,6,1.8,-0.8,1.3,1.7,6.1,1.8,1.9,1.7,1.8,3.3,2.6,1.2,48,0.97,0.95,-0.39,3
1.536e+05,2.8,7.6,7.3,0.6,3.1,0.5,2.6,0.7,2.7,0.7,0.8,7.2,0.9,0.8,1,1.2,1.9,1.4,0.6,36,0.48,4,-0.17,2
1.5428e+05,-9.3,10.4,9.7,1.5,0.3,1.6,6.3,1.9,-1.2,1.5,1.8,5.7,1.8,1.9,1.7,2.4,3.4,2.9,1.3,51,1.03,1,-0.41,3
1.5536e+05,2.2,7.9,7.3,0.6,2.3,0.5,3.6,0.9,1.5,0.6,0.7,5.2,0.7,0.7,0.8,1.4,1.5,1,0.3,40,0.4,4.31,-0.67,2
1.5709e+05,1.3,8.5,7.7,0.7,2,0.6,4,1,1.1,0.7,0.8,5.2,0.9,0.7,0.9,1.6,1.7,1.1,0.5,39,0.6,4.01,-0.59,2
1.5721e+05,0,9,8.2,0.9,1.8,0.9,4.8,1.3,0.5,0.9,1,5.3,1.1,1.1,1.2,2.7,2.2,1.4,0.6,40,0.61,4.61,-0.41,2
1.5788e+05,-8,4.6,4.8,1.9,3.2,5.5,1.8,1.7,-1.9,1.6,2.4,5.9,1.2,1.6,3.3,3.8,5.2,5.1,1.6,57,1.36,8.1,0.4,4
1.5931e+05,4.5,6.3,6.7,0.4,3.4,0.3,1.8,0.3,3,0.4,0.5,6.2,0.5,0.4,0.8,0.6,1.3,1,0.3,38,0.55,2.79,-0.71,2
1.5933e+05,3.3,7.8,7.4,0.5,2.9,0.4,2.6,0.6,2.6,0.6,0.9,6.8,0.8,0.7,1,0.8,1.9,1.4,0.6,36,0.48,2.82,-0.23,2
1.6069e+05,0.9,8.5,7.8,0.8,2,0.6,4.4,1.1,1,0.8,0.9,5.2,1,0.9,1,2,1.9,1.3,0.4,40,0.6,4.67,-0.69,2
1.6093e+05,1.3,8.6,7.8,0.7,1.8,0.6,4.3,1.1,1.2,0.8,1,5.8,1.1,1,1.2,1.3,2.1,1.6,0.6,39,0.58,3.28,-0.39,2
1.611e+05,-11.6,10.5,10.1,1.9,0.3,2.3,6.4,2.2,-1.7,1.8,2,7.1,2.2,2.9,2.5,3.4,4.3,4.1,1.9,52,1.16,0.77,0.05,4
1.618e+05,-4.2,9,8.5,1.3,1.5,0.9,5.8,1.8,-0.1,1.2,1.4,7.2,1.9,2,1.6,2.8,3.5,2.6,1.2,45,0.76,3.79,0.23,3
1.6256e+05,-10.1,10.3,9.8,1.7,0.4,1.7,6.2,2.1,-1.4,1.6,1.8,6.5,2,2.2,2,2.7,3.8,3.1,1.4,51,1.05,0.94,-0.23,4
1.6359e+05,-12,10.5,10.2,2,0.7,2.6,6.1,2.2,-1.6,1.8,2,6.7,2.1,2.5,2.7,3.2,4.3,3.9,1.7,52,1.18,1.08,0.03,4
1.6392e+05,-11,10.3,9.7,1.5,0.2,1.2,5.7,1.8,-0.8,1.5,1.8,6.9,2,2.5,1.9,2,3.9,3.2,1.6,50,0.99,-0.01,-0.22,4
1.6399e+05,2.8,8.2,7.7,0.5,2.7,0.4,2.9,0.7,2.5,0.7,1,6.7,0.8,0.9,1,0.8,2,1.4,0.7,36,0.49,2.51,-0.22,2
1.6399e+05,-7.8,9.2,8.7,1.3,0.2,1,5.6,1.7,-0.6,1.3,1.7,6.7,1.8,2.3,1.6,1.9,3.5,3,1.3,50,0.94,0.61,-0.14,3
1.6426e+05,5.9,6.3,7.1,0.4,4.4,0.3,1.1,0.2,4.2,0.5,0.6,8.8,0.6,0.7,1,0.6,1.8,1.2,0.3,33,0.38,2.79,0,2
1.654e+05,0.8,8.3,7.7,0.9,1.9,0.8,4.7,1.3,0.7,0.9,0.9,5.3,1.1,1.1,1,2.6,2,1.4,0.6,40,0.63,4.85,-0.47,2
1.6569e+05,-10.1,10.5,10,1.7,0.3,1.8,6.5,2.1,-1.6,1.6,1.9,6.8,1.9,2.3,2.3,2.7,4.1,3.3,1.6,50,1.11,1.1,-0.09,4
1.6576e+05,-9.6,10.2,9.5,1.3,0.1,1.1,5.8,1.7,-0.7,1.4,1.8,7.2,2,1.9,1.4,1.7,3.6,2.9,1.7,48,0.96,0.33,-0.05,3
1.6591e+05,2.6,7.6,7.1,0.6,2.6,0.5,3.1,0.8,1.9,0.6,0.7,5.3,0.9,0.4,0.8,1.3,1.5,1.2,0.5,37,0.52,4.07,-0.56,2
1.6621e+05,-9.7,10.1,9.7,1.6,0.2,1.4,6.2,2,-1.2,1.5,1.8,6.8,2,2.5,2.2,2.6,3.9,3.3,1.6,50,1.04,0.92,-0.06,3
1.6623e+05,-11.6,10.4,10,2,0.7,2.4,6.2,2.3,-1.8,1.8,1.8,7,2.1,2.6,2.6,3.5,4.3,4,1.8,52,1.17,1.45,0.16,4
1.6662e+05,-8.5,9.2,8.9,2,1.4,2.7,5.8,2.2,-1.6,1.7,1.6,6.4,2.2,1.9,2.1,5.7,4.3,3.1,1.2,52,0.9,6.14,-0.25,4
1.6704e+05,-9.1,9.8,9.2,1.7,0.7,1.5,6.1,2,-1.2,1.5,1.6,7.1,2.2,2.2,1.8,2.8,3.9,3.1,1.3,51,0.94,2.46,-0.27,3
1.6777e+05,-5.9,10.2,9.1,0.9,0.1,0.6,5.7,1.4,-0.6,0.9,1.4,4.4,1,1.3,1.4,1.4,2.2,1.6,0.8,43,0.89,0.98,-0.75,3
1.6815e+05,4.4,6.5,6.8,0.4,3.5,0.3,1.7,0.3,3.3,0.5,0.6,6.6,0.5,0.6,0.9,0.7,1.4,1,0.4,35,0.38,3.18,-0.31,2
1.6832e+05,-6.8,10.5,9.7,1.2,0.4,1.2,6.3,1.8,-1.1,1.2,1.6,5.6,1.6,1.8,1.7,2.4,2.9,2.3,1.1,49,1,0.96,-0.61,3
1.6866e+05,-8.2,10,9.3,1.2,0.2,0.9,5.9,1.7,-0.6,1.3,1.6,6.5,1.7,1.9,1.4,1.6,3.2,2.6,1.3,48,0.91,0.28,-0.31,3
1.6872e+05,-7.7,9.9,9.3,1.4,0.6,1.3,6.2,1.9,-1.1,1.4,1.6,6.3,1.7,1.6,1.6,2.3,3.4,2.6,1.3,50,0.94,1.87,-0.45,3
1.6878e+05,-12.6,10.7,10.3,1.8,0.1,2.1,6.3,2.1,-1.4,1.8,2,7.6,2.2,2.6,2.2,2.4,4.1,3.8,1.8,52,1.17,0.02,-0.02,4
1.6919e+05,-12.5,10.6,10.3,1.9,0.5,2.6,6,2.1,-1.3,1.8,2.2,6.6,1.9,2.4,2.4,2.7,3.8,3.5,1.6,53,1.27,-0.38,-0.21,4
1.6941e+05,-11.2,10.5,10.1,1.9,0.8,2.4,6.3,2.2,-1.7,1.7,1.9,6.8,1.6,2.2,2.4,3.1,3.8,3.5,1.7,52,1.18,0.86,-0.11,4
1.7069e+05,-10.3,10.7,10.1,1.6,0.7,1.9,6.2,2,-1.4,1.6,1.9,6.3,1.9,1.9,2,2.4,3.3,2.9,1.4,52,1.19,-0.12,-0.35,4
1.7139e+05,-7,9.2,8.7,1.3,0.2,0.9,5.6,1.7,-0.6,1.3,1.6,6.5,1.7,1.9,1.6,1.7,3.3,2.7,1.3,48,0.92,0.4,-0.24,3
1.7367e+05,4.1,7.4,7.3,0.5,3.3,0.4,2.1,0.5,3.1,0.6,0.8,7.6,0.7,0.7,0.9,0.7,1.9,1.3,0.6,36,0.45,2.8,-0.11,2
1.7378e+05,-12.4,10.6,10.2,1.9,0.5,2.4,6.1,2.1,-1.5,1.8,2,6.7,2,2.5,2.4,2.7,4.1,3.7,1.7,53,1.2,0.39,-0.05,4
1.7491e+05,1.3,8.2,7.5,0.8,2.2,0.6,3.7,1,1.3,0.8,0.8,5.8,1,0.8,1,1.6,1.7,1.2,0.5,38,0.54,4.77,-0.54,2
1.7531e+05,0,9,7.4,0.5,0.9,0.6,4.9,0.6,0.2,0.5,0.6,4.1,0.7,0.6,0.8,1.2,1.5,1.1,0.4,45,0.73,1.15,-1.53,0
1.7532e+05,4.6,7.4,7.4,0.5,3.7,0.4,1.9,0.4,3.5,0.6,0.8,8.3,0.8,1,1,0.8,2,1.4,0.6,35,0.44,3.04,0.21,2
1.7554e+05,-5.9,9.1,8.6,1.2,0.4,0.9,5.3,1.5,-0.2,1.2,1.6,6.8,1.8,1.9,1.6,1.5,3.2,2.6,1.4,48,0.9,-0.15,-0.24,3
1.7574e+05,-10.6,10.3,9.9,1.7,0.3,1.7,6.5,2.1,-1.5,1.6,1.9,7.2,2.1,2.5,2,2.6,3.8,3.5,1.7,51,1.09,1.06,-0.09,4
1.7575e+05,-10.5,10.4,9.9,1.7,0.2,1.6,6.5,2.1,-1.4,1.6,1.9,6.7,2,2.3,2,2.5,3.8,3.3,1.5,51,1.08,0.82,-0.11,4
1.7641e+05,-10.4,10,9.6,1.7,0.3,1.6,6,2,-1.2,1.6,1.8,7,2,2.5,2,2.7,4,3.6,1.7,52,1.08,0.65,0.24,4
1.8001e+05,-10.3,10.2,9.6,1.4,0,1.1,6.1,1.9,-0.9,1.4,1.8,7.3,2.1,2.3,1.9,1.9,3.7,3.2,1.7,48,1.01,0.02,-0.08,4
1.8061e+05,-11.4,10.2,10,1.9,0.7,2.5,6.2,2.2,-1.7,1.8,1.9,7.3,2.2,2.4,2.4,3.5,4.1,3.8,1.8,52,1.16,1.51,0.04,4
1.8071e+05,-9.1,10.2,9.5,1.4,0.1,1.2,6.2,1.9,-1.1,1.4,1.8,6.6,1.9,1.9,1.8,1.9,3.4,2.8,1.4,49,1,0.63,-0.35,3
1.811e+05,4.1,7.6,7.3,0.5,3.1,0.3,2.3,0.5,2.8,0.5,0.7,7,0.8,0.7,0.9,0.7,1.7,1.3,0.5,36,0.44,2.86,-0.28,2
1.8128e+05,-9.9,10.1,9.5,1.4,0.4,1.2,5.9,1.8,-0.8,1.4,1.7,6.9,1.9,2.1,1.7,2,3.6,3,1.5,50,0.93,0.91,-0.2,3
1.8229e+05,-10.5,10.4,10,2,0.9,2.9,6.1,2.2,-1.6,1.8,1.9,7,2,2.5,2.7,4.2,4.2,3.8,1.7,53,1.14,1.93,0.09,4
1.8276e+05,-9.4,10.3,9.6,1.4,0.1,1.3,6.2,1.9,-1,1.4,1.8,6.5,1.8,2.1,1.7,2,3.5,2.8,1.4,50,0.98,0.86,-0.34,3
1.8441e+05,-11.2,10.4,10,2,0.8,2.9,6.1,2.2,-1.8,1.8,1.9,6.8,1.9,2.6,2.6,4.2,4.2,4,1.7,53,1.17,1.8,0.08,4
1.845e+05,1.1,8.7,7.8,0.7,2,0.8,4.2,0.9,1.1,0.6,0.7,5.3,0.9,0.9,0.9,2,1.7,1.2,0.5,40,0.58,4.1,-0.66,2
1.8535e+05,-7.5,9.1,8.7,1.5,0.6,1.3,5.9,1.9,-0.9,1.5,1.6,6.7,2,2,1.9,2.7,3.8,2.9,1.4,50,0.93,2.13,-0.11,3
1.8564e+05,-11.6,10.3,10,1.9,0.5,2.1,6,2.1,-1.4,1.7,1.9,7.1,2,2.4,2.2,2.8,4,3.7,1.7,51,1.14,0.95,-0.02,4
1.8649e+05,-8.1,9.6,9,1.3,0.2,1,5.5,1.7,-0.5,1.3,1.7,6.5,1.7,2,1.8,1.7,3.5,2.8,1.4,48,0.93,0.3,-0.3,3
1.8665e+05,-9.4,10.3,9.8,1.5,0.2,1.4,6.5,2,-1.4,1.5,1.8,6.7,1.9,2.3,2.1,2.3,3.8,3,1.4,50,0.93,0.87,-0.14,3
1.8668e+05,-9,10.2,9.5,1.3,0.1,1,5.8,1.7,-0.6,1.3,1.7,6.9,1.8,2,1.7,1.5,3.3,2.6,1.3,48,0.95,0.23,-0.25,3
1.8701e+05,3.1,7.9,7.6,0.6,3.3,0.4,2,0.5,3.1,0.6,0.8,7.6,0.8,0.9,1.1,0.9,1.9,1.3,0.5,35,0.47,3.39,-0.13,2
1.8769e+05,1.2,8.7,8.1,0.8,2.7,0.6,3.5,1,2,0.8,1.1,7.6,1.3,1.3,1.3,1.5,2.4,1.8,0.8,38,0.56,3.66,0.09,2
1.8831e+05,-8.7,10.4,9.9,1.5,0.3,1.4,6.6,2,-1.4,1.4,1.8,6.3,1.8,2,2,2.9,3.4,2.9,1.4,50,1.05,0.73,-0.37,3
1.8851e+05,0.5,7.9,6.6,0.7,1.4,0.8,3.4,0.8,0.5,0.6,0.3,3.3,0.6,0.3,0.5,1.6,1.1,0.8,0.2,45,0.59,5.85,-1.75,2
1.9061e+05,-10.3,10.1,9.7,1.8,0.7,1.9,6.1,2.1,-1.4,1.7,1.8,7.1,2,2.4,2.2,3,4,3.4,1.5,52,1.06,1.62,-0.09,4
1.9103e+05,-6.6,8.7,8.4,1.6,0.9,1.4,5.7,1.9,-0.9,1.4,1.5,7,2,2.2,1.9,3.4,3.7,2.9,1.3,50,0.85,3.44,-0.23,3
1.9128e+05,-12,10.2,9.9,2.1,1,3,5.9,2.2,-1.8,1.9,1.9,7.3,2.1,2.7,2.7,3.9,4.5,4.2,1.8,53,1.18,1.76,0.22,4
1.9401e+05,-9,10.2,9.6,1.3,0.2,1.1,6.2,1.9,-1,1.5,1.7,6.7,1.9,2,1.7,2,3.4,2.8,1.4,48,0.97,0.92,-0.3,3
1.946e+05,2.9,6.6,6.3,0.5,2.6,0.4,2.1,0.4,2.1,0.4,0.3,4.6,0.5,0.3,0.5,0.8,1.1,0.6,0.3,37,0.49,4.62,-1.28,2
1.9514e+05,-11.2,10.4,10.1,1.8,0.3,2.1,6.5,2.2,-1.6,1.7,1.9,7.5,2.2,2.7,2.4,3.2,4.2,3.8,1.8,52,1.15,1.07,-0.08,4
1.9551e+05,-9.4,10.5,10,1.7,1,2.3,6.1,2,-1.5,1.6,1.8,6.4,1.9,1.9,2.4,3.7,3.5,3.3,1.4,52,1.13,0.89,-0.22,4
1.9676e+05,-10.9,10.4,9.9,1.6,0.2,1.6,6.3,2,-1.2,1.6,1.8,7,2.1,2.4,2,2.3,3.9,3.3,1.6,51,1.06,0.78,-0.17,4
1.9679e+05,-10.9,10.4,9.8,1.4,-0.1,1.2,6,1.8,-0.7,1.4,2,6.9,1.8,2.3,1.9,1.6,3.7,3.1,1.6,49,1.02,-0.27,-0.14,4
1.9791e+05,-9.8,10,9.5,1.5,0,1.5,6,1.9,-1.1,1.5,1.8,6.9,1.9,2.1,1.9,2,3.7,3.1,1.4,50,1.05,0.22,-0.26,3
1.9804e+05,2.5,7.2,6.9,0.6,2.7,0.4,3,0.8,2.2,0.7,0.8,6.2,0.9,0.9,0.9,1.2,1.8,1.3,0.6,37,0.5,3.71,-0.31,2
1.9808e+05,1.8,8.6,8,0.7,2.7,0.5,3.6,0.9,2.1,0.8,1,7.9,1.2,1.3,1.2,1.2,2.3,1.7,0.8,38,0.54,2.34,0.12,2
1.9815e+05,-7.2,9.6,9.1,1.5,0.7,1.3,6.3,2,-1.2,1.4,1.5,6.1,1.8,1.7,1.7,2.8,3.3,2.7,1.1,50,0.94,2.63,-0.3,3
1.9919e+05,-5.6,10.3,9.6,1.2,0.8,1.2,6.3,1.8,-1.2,1.2,1.6,5.2,1.4,1.5,1.7,2.6,2.6,2.1,0.9,48,0.97,1.32,-0.55,3
1.9958e+05,-7.9,10.1,9.5,1.6,0.9,1.6,6.4,2.1,-1.3,1.5,1.7,6.4,1.9,1.9,1.8,3,3.5,2.9,1.3,50,0.98,2.52,-0.26,3
1.9996e+05,-0.9,8.8,8.3,1,2.3,0.7,4.8,1.4,1,1,1.2,7.7,1.6,1.7,1.5,2.2,3,2.2,1,41,0.63,4.1,0.11,2
2.0079e+05,2.5,8.4,7.8,0.7,2.7,0.5,3.5,0.9,2.2,0.7,1,7.1,1.1,1.2,1.2,1.1,2.2,1.6,0.5,38,0.58,3.06,-0.07,2
2.011e+05,1.8,8.1,7.7,0.8,2.1,0.6,4,1,1.4,0.7,0.9,5.5,0.9,0.8,0.9,1.4,1.7,1.3,0.5,40,0.52,4.11,-0.5,2
2.0138e+05,-8.6,10,9.4,1.4,0.3,1.2,5.9,1.8,-0.8,1.4,1.7,6.8,1.9,2.1,1.7,2,3.5,2.8,1.3,48,0.94,1.01,-0.28,3
2.0189e+05,2.6,7,6.5,0.5,2.4,0.4,3.1,0.6,1.6,0.5,0.4,4.6,0.6,0.5,0.6,1.3,1.1,0.8,0.3,38,0.51,4.64,-1.42,2
2.0334e+05,-8.5,10.3,9.8,1.5,0.2,1.5,6.5,2,-1.4,1.4,1.8,6.2,1.9,1.9,2.1,3,3.5,2.9,1.4,51,1.05,0.9,-0.25,3
2.035e+05,-8,9.5,9,1.4,0.3,1.3,5.8,1.8,-0.9,1.4,1.8,7.1,2.1,2.3,2.1,2.7,3.9,3.5,1.6,51,1.12,0.7,-0.13,3
2.0464e+05,-10.5,10.1,9.7,1.9,0.7,2.1,6.3,2.2,-1.6,1.7,1.7,6.7,2.1,2.6,2.2,3.5,4.2,3.6,1.6,52,1.1,1.79,-0.23,4
2.0477e+05,-9.5,10.1,9.5,1.5,0.4,1.3,6,1.9,-0.9,1.5,1.7,6.9,1.9,2.1,1.8,2.4,3.7,3.1,1.5,50,0.97,1.06,-0.12,3
2.0544e+05,-6.5,9.3,8.8,1.3,0.4,1,5.6,1.7,-0.5,1.3,1.6,6.2,1.8,1.6,1.6,1.8,3.1,2.5,1.2,48,0.92,1.08,-0.34,3
2.0551e+05,-10.7,10.4,9.9,1.7,0.1,1.6,6.6,2.1,-1.5,1.6,1.9,7.3,2.2,2.4,2.2,2.6,3.8,3.4,1.7,51,1.08,0.43,-0.07,4
2.0607e+05,-9.1,10.3,9.7,1.5,0.2,1.3,6.6,2,-1.4,1.5,1.8,6.6,1.9,2.1,1.9,2.3,3.5,2.9,1.4,50,1.04,0.76,-0.28,3
2.0608e+05,-6.5,10.2,9.5,1.3,0.5,1.3,6.6,1.8,-1.2,1.3,1.6,5.6,1.6,1.4,1.6,2.1,2.8,2.2,1,48,0.97,1.16,-0.56,3
2.0645e+05,-6,10.1,9.2,1,0.1,0.8,5.7,1.5,-0.5,1.1,1.6,5.7,1.5,1.4,1.5,1.2,2.6,2.2,1,48,0.88,-0.02,-0.58,3
2.0695e+05,-11.8,10.4,10,1.8,0.3,1.9,6.3,2.1,-1.5,1.7,1.9,7.4,2.2,2.7,2.3,2.8,4.1,3.8,1.6,50,1.1,0.9,0.16,4
2.0713e+05,-11,10.3,9.9,1.7,0.3,1.6,6.3,2.1,-1.4,1.6,1.8,7.3,2.1,2.5,2.1,2.4,4,3.4,1.6,50,1.05,0.77,-0.04,4
2.0798e+05,4.6,6.3,6.7,0.4,3.4,0.3,1.7,0.3,3.1,0.4,0.5,6.4,0.6,0.5,0.6,0.7,1.3,0.9,0.3,36,0.45,3.29,-0.66,2
2.1081e+05,-7.4,9.6,8.9,1.1,-0.1,0.8,5.6,1.6,-0.4,1.2,1.8,6.2,1.8,1.7,1.7,1.2,3.1,2.6,1.3,48,0.94,-0.55,-0.32,3
2.1086e+05,2.5,8.3,7.8,0.6,2.8,0.4,3.1,0.8,2.5,0.7,1,7.9,1.1,1.1,1.4,0.8,2.4,1.8,0.7,38,0.55,2.36,0.06,2
2.1089e+05,-11.8,10.5,10,1.9,0.4,2.1,6.1,2.1,-1.4,1.7,1.9,7.2,2.2,2.4,2.3,2.8,3.9,3.5,1.7,52,1.13,0.86,-0.08,4
2.1094e+05,-12.6,10.6,10.4,1.8,0.1,2.2,6.2,2.1,-1.4,1.7,2.2,7.2,2.1,2.4,2.3,2.4,3.9,3.7,1.8,51,1.17,0.06,-0.08,4
2.1139e+05,-9.3,9.9,9.3,1.4,0.3,1.1,5.9,1.8,-0.8,1.4,1.7,6.9,2.1,2.2,1.8,1.9,3.7,3.1,1.5,48,0.98,0.32,-0.19,3
2.125e+05,-8.8,10.3,9.6,1.4,0.2,1.3,6.3,1.9,-1.2,1.4,1.7,6,1.6,1.7,1.8,2.2,3.2,2.7,1.3,49,1.02,0.85,-0.4,3
2.1294e+05,-9.2,10.3,9.7,1.6,0.7,1.7,6.4,2,-1.4,1.5,1.7,5.8,1.9,1.9,1.9,2.9,3.5,2.9,1.3,50,1.05,1.34,-0.42,3
2.1438e+05,-11.1,10.4,10.1,1.8,0.2,1.9,6.7,2.2,-1.7,1.7,2,7.3,2.2,2.4,2.3,3,4,3.8,1.7,52,1.14,0.75,0.02,4
2.1526e+05,2.7,7.4,6.9,0.6,2.5,0.5,3,0.7,1.9,0.6,0.6,5.3,0.6,0.6,0.7,1.2,1.4,1,0.3,38,0.47,4.33,-0.65,2
2.1537e+05,-9.6,10.1,9.5,1.4,0.4,1.1,5.5,1.8,-0.6,1.4,1.7,6.7,1.9,2.5,1.8,1.9,3.7,3,1.6,50,0.96,0.46,-0.12,3
2.1565e+05,3,7.7,7.4,0.6,2.7,0.4,2.8,0.6,2.4,0.6,0.8,6.6,0.8,0.8,1,0.9,1.7,1.2,0.5,37,0.49,3.15,-0.32,2
2.1572e+05,-5.8,10.1,9.4,1.1,0.2,0.8,6.5,1.8,-1,1.2,1.6,5.6,1.6,1.5,1.5,1.6,2.8,2.2,1.1,48,0.94,0.7,-0.63,3
2.1613e+05,-8.3,10.1,9.4,1.3,0.2,1.1,6,1.7,-0.8,1.4,1.7,6.7,1.9,2,1.7,1.8,3.4,2.6,1.3,62,0.93,0.71,-0.3,3
2.1617e+05,-10.3,11,10.4,1.5,0.8,2,6.2,1.9,-1.2,1.4,2,6,1.6,2,2.1,3,3,2.9,1.5,51,1.17,0.15,-0.4,4
2.1623e+05,-10,10.4,9.8,1.6,0.2,1.5,6.4,2,-1.2,1.5,1.8,7.5,0.8,0.8,1.1,0.9,1.7,1.3,0.5,50,1.05,0.78,-0.18,3
2.1639e+05,3.4,7.6,7.3,0.5,3,0.4,2.6,0.6,2.7,0.6,0.7,6.8,0.8,0.7,1,0.8,1.7,1.3,0.5,37,0.48,3.02,-0.25,2
2.1664e+05,-11,10,9.8,2,0.8,2.5,6.2,2.3,-1.9,1.8,1.8,7.3,2.2,2.5,2.5,4,4.4,3.8,1.7,51,1.14,2.39,0.13,4
2.1701e+05,-2.1,8.8,8.3,1.2,2,0.9,5.1,1.6,0.5,1.1,1.3,7.4,1.8,1.7,1.5,2.6,3.1,2.2,1,45,0.67,4.56,0.06,3
2.1803e+05,-13.5,10.8,10.5,2,0.4,2.8,6.1,2.2,-1.6,1.9,2.1,7.5,2.3,2.7,2.6,2.9,4.3,4.3,2,53,1.26,-0.12,0.05,4
2.1803e+05,-8.7,10.2,9.7,1.5,0.2,1.4,6.5,2,-1.3,1.4,1.8,6.5,1.9,2,2,2.3,3.5,3,1.5,50,1.06,0.95,-0.32,3
2.181e+05,-6,9.3,8.9,1.6,1,1.2,6.5,2.1,-1.1,1.5,1.5,6.9,2,2,1.8,3.3,3.7,2.9,1.3,48,0.83,3.41,-0.34,3
2.1847e+05,4.4,7,7.2,0.5,3.6,0.3,1.8,0.4,3.4,0.5,0.7,7.6,0.7,0.7,1,0.7,1.7,1.3,0.5,35,0.44,3.04,-0.13,2
2.1894e+05,-7.9,10.1,9.4,1.6,0.5,1.4,6,1.9,-1.1,1.5,1.6,6.2,1.8,1.9,1.7,2.5,3.3,2.8,1.3,48,0.94,1.82,-0.47,3
2.1945e+05,-10.1,10.4,9.9,1.7,0.3,1.8,6.5,2.1,-1.5,1.6,1.9,6.8,2,2.3,2.1,2.8,3.8,3.5,1.6,50,1.11,0.92,-0.22,4
2.1962e+05,-6,10.3,9.4,1,0.3,0.9,6,1.6,-0.9,1.1,1.6,5.4,1.5,1.4,1.5,1.8,2.6,2.1,0.8,47,0.92,0.67,-0.64,3
2.1962e+05,1.6,8.5,8,0.8,2.7,0.6,3.5,1,2,0.8,1,7.4,1.2,1.3,1.2,1.5,2.3,1.6,0.7,37,0.46,4.06,0,2
2.1995e+05,-8.7,10.3,9.7,1.4,0.2,1.3,6.3,1.9,-1.1,1.4,1.8,6.5,2,1.9,1.8,2,3.4,2.9,1.3,50,1.03,0.43,-0.36,3
2.2012e+05,3.7,7.5,7.5,0.5,3.3,0.4,2.1,0.5,3.2,0.6,0.8,7.8,0.8,0.9,1.1,0.8,2.1,1.4,0.7,35,0.53,2.56,0.02,2
2.2032e+05,-9.3,10.5,9.9,1.5,0.5,1.5,6.5,2,-1.4,1.5,1.8,5.8,1.7,1.6,2,2.3,3.2,3,1.3,50,1.1,0.49,-0.42,3
2.2095e+05,-11,10.3,9.9,1.7,0.2,1.7,6.2,2,-1.2,1.6,1.9,7,2,2.5,2.1,2.5,3.9,3.4,1.6,51,1.07,0.84,-0.15,4
2.2112e+05,-8.9,9.8,9.3,1.4,0.3,1.1,5.8,1.8,-0.7,1.4,1.7,6.8,1.9,2.2,1.8,1.9,3.5,2.9,1.4,48,0.94,0.87,-0.22,3
2.2115e+05,-10.6,9.9,9.5,2.1,1,2.6,6.1,2.4,-1.9,1.9,1.7,7.5,2.3,2.9,2.8,4.8,4.8,4.3,1.9,53,1.09,2.8,0.43,4
2.2135e+05,-8.1,10.5,9.8,1.4,0.4,1.4,6.4,1.9,-1.3,1.3,1.8,6.3,1.9,1.9,2,2.9,3.3,2.7,1.3,50,1.02,0.8,-0.43,3
2.2183e+05,0.3,9.1,8.3,0.8,1.8,0.8,4.5,1.2,0.7,0.8,1,5.3,0.9,1.1,1.1,2.3,1.9,1.5,0.5,39,0.6,4.3,-0.52,2
2.2237e+05,2.5,8,7.6,0.6,2.8,0.5,3,0.7,2.4,0.7,0.8,6.9,0.9,1,1.1,1.1,1.9,1.4,0.6,37,0.51,3.43,-0.17,2
2.224e+05,-10,9.9,9.4,1.8,0.9,1.9,6.3,2.2,-1.6,1.7,1.7,7,2.1,2.3,2.3,3.7,4.1,3.7,1.5,51,1.03,2.51,0,4
2.2317e+05,-10.1,10.4,10,1.6,0,1.7,6.8,2.2,-1.6,1.6,2,7.2,2.1,2.4,2.1,2.4,3.9,3.6,1.7,51,1.11,1.25,-0.08,4
2.2325e+05,-8.5,10.1,9.5,1.3,0.3,1,6.1,1.8,-0.7,1.3,1.6,6.8,1.9,1.9,1.7,1.8,3.4,2.7,1.3,48,0.94,0.73,-0.28,3
2.2453e+05,-8.1,10.1,9.4,1.3,0.2,1.1,5.9,1.7,-0.6,1.3,1.7,6.2,1.8,1.9,1.6,1.7,3.3,2.8,1.4,49,0.93,0.68,-0.29,3
